LOTTO MAX,1,0,9/25/2009,5,17,19,25,31,38,46,4
LOTTO MAX,2,0,10/2/2009,8,27,28,29,31,32,35,11
LOTTO MAX,3,0,10/9/2009,5,15,25,38,42,46,47,26
LOTTO MAX,4,0,10/16/2009,4,10,18,20,31,35,44,29
LOTTO MAX,5,0,10/23/2009,4,7,10,12,23,25,36,18
LOTTO MAX,6,0,10/30/2009,6,9,10,14,17,18,19,46
LOTTO MAX,7,0,11/6/2009,2,7,8,11,16,17,18,12
LOTTO MAX,7,1,11/6/2009,1,3,10,24,31,32,42,0
LOTTO MAX,7,2,11/6/2009,9,14,24,35,37,38,40,0
LOTTO MAX,7,3,11/6/2009,24,28,30,32,43,44,47,0
LOTTO MAX,7,4,11/6/2009,2,19,30,38,40,46,47,0
LOTTO MAX,7,5,11/6/2009,6,8,11,21,23,28,48,0
LOTTO MAX,7,6,11/6/2009,7,11,14,16,34,44,46,0
LOTTO MAX,7,7,11/6/2009,10,13,17,18,26,28,40,0
LOTTO MAX,7,8,11/6/2009,1,4,10,21,29,36,40,0
LOTTO MAX,7,9,11/6/2009,6,9,10,24,29,47,49,0
LOTTO MAX,7,10,11/6/2009,2,14,16,18,23,36,44,0
LOTTO MAX,8,0,11/13/2009,8,18,27,28,38,41,48,36
LOTTO MAX,9,0,11/20/2009,2,8,28,30,36,39,42,24
LOTTO MAX,10,0,11/27/2009,11,15,24,26,37,38,43,17
LOTTO MAX,11,0,12/4/2009,1,6,13,19,32,35,40,7
LOTTO MAX,12,0,12/11/2009,1,4,5,7,22,29,48,13
LOTTO MAX,13,0,12/18/2009,8,10,15,17,33,34,35,13
LOTTO MAX,14,0,12/25/2009,8,9,12,13,29,30,31,47
LOTTO MAX,15,0,1/1/2010,7,9,13,18,27,33,44,15
LOTTO MAX,16,0,1/8/2010,8,17,21,23,24,28,39,31
LOTTO MAX,17,0,1/15/2010,12,17,22,30,34,43,49,48
LOTTO MAX,18,0,1/22/2010,17,26,30,32,34,39,41,49
LOTTO MAX,19,0,1/29/2010,16,17,22,24,40,41,47,45
LOTTO MAX,20,0,2/5/2010,10,19,25,29,39,41,42,21
LOTTO MAX,21,0,2/12/2010,9,12,17,23,34,42,47,37
LOTTO MAX,22,0,2/19/2010,4,23,27,32,35,43,47,24
LOTTO MAX,23,0,2/26/2010,2,27,30,32,35,36,38,39
LOTTO MAX,23,1,2/26/2010,12,16,21,33,34,35,43,0
LOTTO MAX,23,2,2/26/2010,9,15,18,19,21,39,49,0
LOTTO MAX,23,3,2/26/2010,14,15,19,22,36,39,46,0
LOTTO MAX,23,4,2/26/2010,3,15,18,26,37,44,49,0
LOTTO MAX,23,5,2/26/2010,7,15,16,19,32,37,47,0
LOTTO MAX,23,6,2/26/2010,8,26,29,35,42,45,47,0
LOTTO MAX,23,7,2/26/2010,3,14,16,17,35,40,44,0
LOTTO MAX,23,8,2/26/2010,6,20,21,22,24,26,35,0
LOTTO MAX,23,9,2/26/2010,1,2,11,16,29,43,47,0
LOTTO MAX,23,10,2/26/2010,14,15,17,18,24,26,39,0
LOTTO MAX,24,0,3/5/2010,5,8,18,22,32,39,45,19
LOTTO MAX,25,0,3/12/2010,17,18,19,21,32,40,49,6
LOTTO MAX,26,0,3/19/2010,1,3,6,34,37,42,45,27
LOTTO MAX,27,0,3/26/2010,3,11,12,16,34,36,37,18
LOTTO MAX,28,0,4/2/2010,4,9,12,15,28,29,43,17
LOTTO MAX,29,0,4/9/2010,11,16,29,30,31,33,42,24
LOTTO MAX,30,0,4/16/2010,6,7,17,20,32,44,49,46
LOTTO MAX,31,0,4/23/2010,8,11,16,21,24,28,41,37
LOTTO MAX,32,0,4/30/2010,1,3,4,5,16,32,33,41
LOTTO MAX,33,0,5/7/2010,3,6,10,14,19,25,33,1
LOTTO MAX,34,0,5/14/2010,7,17,19,23,31,36,41,1
LOTTO MAX,35,0,5/21/2010,14,16,30,35,36,45,49,10
LOTTO MAX,36,0,5/28/2010,11,18,23,24,27,28,39,1
LOTTO MAX,37,0,6/4/2010,3,18,27,30,33,40,45,31
LOTTO MAX,37,1,6/4/2010,4,14,32,35,38,41,42,0
LOTTO MAX,37,2,6/4/2010,5,6,9,23,25,31,46,0
LOTTO MAX,37,3,6/4/2010,7,19,33,38,41,47,48,0
LOTTO MAX,37,4,6/4/2010,12,17,28,32,33,35,45,0
LOTTO MAX,37,5,6/4/2010,4,6,10,12,19,23,32,0
LOTTO MAX,38,0,6/11/2010,2,7,12,25,29,32,35,26
LOTTO MAX,38,1,6/11/2010,3,8,12,14,19,33,37,0
LOTTO MAX,38,2,6/11/2010,8,15,26,29,35,36,44,0
LOTTO MAX,38,3,6/11/2010,2,9,10,12,17,18,39,0
LOTTO MAX,38,4,6/11/2010,6,11,15,28,29,37,45,0
LOTTO MAX,38,5,6/11/2010,7,15,22,23,30,47,48,0
LOTTO MAX,38,6,6/11/2010,3,8,24,31,35,40,42,0
LOTTO MAX,38,7,6/11/2010,4,18,19,30,41,48,49,0
LOTTO MAX,38,8,6/11/2010,3,13,19,40,44,45,46,0
LOTTO MAX,38,9,6/11/2010,2,3,9,22,25,28,31,0
LOTTO MAX,38,10,6/11/2010,4,10,24,28,33,35,41,0
LOTTO MAX,38,11,6/11/2010,7,16,23,25,27,30,35,0
LOTTO MAX,38,12,6/11/2010,3,12,27,36,39,43,45,0
LOTTO MAX,38,13,6/11/2010,2,9,26,27,31,33,49,0
LOTTO MAX,38,14,6/11/2010,9,10,14,21,30,37,49,0
LOTTO MAX,38,15,6/11/2010,4,5,9,12,31,44,46,0
LOTTO MAX,38,16,6/11/2010,9,11,20,21,22,38,42,0
LOTTO MAX,38,17,6/11/2010,19,28,32,34,36,42,47,0
LOTTO MAX,38,18,6/11/2010,2,5,13,28,36,44,45,0
LOTTO MAX,38,19,6/11/2010,7,21,29,33,42,46,48,0
LOTTO MAX,38,20,6/11/2010,1,6,7,22,31,32,33,0
LOTTO MAX,38,21,6/11/2010,7,10,25,36,41,45,49,0
LOTTO MAX,38,22,6/11/2010,6,19,20,25,39,42,48,0
LOTTO MAX,38,23,6/11/2010,3,10,19,23,24,29,46,0
LOTTO MAX,38,24,6/11/2010,9,13,20,24,38,43,49,0
LOTTO MAX,38,25,6/11/2010,1,2,15,31,35,41,48,0
LOTTO MAX,38,26,6/11/2010,7,24,29,32,37,44,48,0
LOTTO MAX,38,27,6/11/2010,7,20,25,28,31,43,47,0
LOTTO MAX,39,0,6/18/2010,5,6,26,29,34,36,43,49
LOTTO MAX,39,1,6/18/2010,3,8,11,19,25,33,43,0
LOTTO MAX,39,2,6/18/2010,13,25,29,38,39,40,49,0
LOTTO MAX,39,3,6/18/2010,4,9,12,23,41,43,49,0
LOTTO MAX,39,4,6/18/2010,1,5,15,26,41,44,47,0
LOTTO MAX,39,5,6/18/2010,8,12,20,24,31,37,45,0
LOTTO MAX,39,6,6/18/2010,14,22,33,35,36,41,47,0
LOTTO MAX,39,7,6/18/2010,2,6,25,30,39,42,45,0
LOTTO MAX,39,8,6/18/2010,9,12,18,21,30,34,45,0
LOTTO MAX,39,9,6/18/2010,1,2,3,5,14,16,25,0
LOTTO MAX,39,10,6/18/2010,10,23,28,29,37,41,47,0
LOTTO MAX,39,11,6/18/2010,3,12,13,19,24,33,38,0
LOTTO MAX,39,12,6/18/2010,7,11,12,14,17,23,38,0
LOTTO MAX,39,13,6/18/2010,3,4,9,10,16,18,41,0
LOTTO MAX,39,14,6/18/2010,3,8,25,27,34,41,43,0
LOTTO MAX,39,15,6/18/2010,1,4,6,8,28,32,36,0
LOTTO MAX,39,16,6/18/2010,3,4,15,21,24,45,48,0
LOTTO MAX,39,17,6/18/2010,3,28,38,42,43,44,48,0
LOTTO MAX,39,18,6/18/2010,3,6,12,17,26,31,43,0
LOTTO MAX,39,19,6/18/2010,16,24,28,36,39,43,49,0
LOTTO MAX,39,20,6/18/2010,2,4,6,15,22,31,46,0
LOTTO MAX,39,21,6/18/2010,1,3,16,18,32,35,45,0
LOTTO MAX,39,22,6/18/2010,5,6,8,14,25,38,40,0
LOTTO MAX,39,23,6/18/2010,10,16,18,19,28,32,47,0
LOTTO MAX,39,24,6/18/2010,4,5,9,17,31,32,46,0
LOTTO MAX,39,25,6/18/2010,2,5,7,12,24,25,43,0
LOTTO MAX,39,26,6/18/2010,11,13,25,26,29,30,41,0
LOTTO MAX,39,27,6/18/2010,5,13,15,17,29,42,45,0
LOTTO MAX,39,28,6/18/2010,5,6,24,26,40,45,49,0
LOTTO MAX,39,29,6/18/2010,9,19,36,40,42,46,48,0
LOTTO MAX,39,30,6/18/2010,8,19,24,25,27,31,45,0
LOTTO MAX,39,31,6/18/2010,1,6,13,17,18,25,29,0
LOTTO MAX,39,32,6/18/2010,18,30,37,39,42,44,48,0
LOTTO MAX,39,33,6/18/2010,8,15,18,21,38,40,49,0
LOTTO MAX,39,34,6/18/2010,15,21,30,32,40,46,48,0
LOTTO MAX,39,35,6/18/2010,6,12,30,42,44,46,49,0
LOTTO MAX,39,36,6/18/2010,4,10,11,21,31,32,41,0
LOTTO MAX,39,37,6/18/2010,2,9,15,20,32,33,49,0
LOTTO MAX,39,38,6/18/2010,4,9,20,21,24,33,42,0
LOTTO MAX,39,39,6/18/2010,2,9,11,17,23,25,35,0
LOTTO MAX,39,40,6/18/2010,14,17,18,29,34,45,46,0
LOTTO MAX,39,41,6/18/2010,2,18,25,27,32,41,43,0
LOTTO MAX,39,42,6/18/2010,5,15,17,21,40,44,45,0
LOTTO MAX,39,43,6/18/2010,10,12,17,39,45,46,49,0
LOTTO MAX,39,44,6/18/2010,7,16,21,28,33,40,41,0
LOTTO MAX,39,45,6/18/2010,2,6,12,22,33,35,45,0
LOTTO MAX,40,0,6/25/2010,5,22,28,31,39,46,48,4
LOTTO MAX,40,1,6/25/2010,15,20,26,35,43,45,47,0
LOTTO MAX,40,2,6/25/2010,2,12,18,21,23,31,37,0
LOTTO MAX,40,3,6/25/2010,5,19,20,33,35,43,49,0
LOTTO MAX,40,4,6/25/2010,26,28,35,38,39,44,49,0
LOTTO MAX,40,5,6/25/2010,18,23,28,35,39,42,44,0
LOTTO MAX,40,6,6/25/2010,26,28,31,32,34,43,44,0
LOTTO MAX,40,7,6/25/2010,13,23,26,28,35,42,45,0
LOTTO MAX,40,8,6/25/2010,12,19,21,33,41,43,44,0
LOTTO MAX,40,9,6/25/2010,1,6,13,14,18,33,42,0
LOTTO MAX,40,10,6/25/2010,2,17,25,27,33,41,43,0
LOTTO MAX,40,11,6/25/2010,10,11,13,23,28,37,44,0
LOTTO MAX,40,12,6/25/2010,3,9,28,31,35,43,49,0
LOTTO MAX,40,13,6/25/2010,5,7,9,11,20,32,46,0
LOTTO MAX,40,14,6/25/2010,6,8,12,37,40,43,47,0
LOTTO MAX,40,15,6/25/2010,3,8,10,18,24,31,43,0
LOTTO MAX,40,16,6/25/2010,2,13,19,29,32,38,48,0
LOTTO MAX,40,17,6/25/2010,4,20,33,37,45,47,49,0
LOTTO MAX,40,18,6/25/2010,10,21,27,34,36,48,49,0
LOTTO MAX,40,19,6/25/2010,4,7,8,18,20,34,39,0
LOTTO MAX,40,20,6/25/2010,4,7,11,16,20,39,44,0
LOTTO MAX,40,21,6/25/2010,11,20,26,38,42,45,48,0
LOTTO MAX,40,22,6/25/2010,2,5,22,27,44,47,49,0
LOTTO MAX,40,23,6/25/2010,14,18,21,23,29,35,47,0
LOTTO MAX,40,24,6/25/2010,9,13,15,29,32,38,40,0
LOTTO MAX,40,25,6/25/2010,6,15,16,18,33,39,46,0
LOTTO MAX,40,26,6/25/2010,7,9,17,20,31,41,45,0
LOTTO MAX,40,27,6/25/2010,6,13,24,27,38,40,45,0
LOTTO MAX,40,28,6/25/2010,1,6,7,10,17,31,33,0
LOTTO MAX,40,29,6/25/2010,4,6,27,29,30,35,49,0
LOTTO MAX,40,30,6/25/2010,4,5,16,20,25,42,49,0
LOTTO MAX,40,31,6/25/2010,3,16,17,26,29,35,44,0
LOTTO MAX,40,32,6/25/2010,19,22,32,34,38,40,43,0
LOTTO MAX,40,33,6/25/2010,3,7,11,40,42,45,47,0
LOTTO MAX,40,34,6/25/2010,4,9,18,28,40,41,46,0
LOTTO MAX,40,35,6/25/2010,2,8,11,22,28,32,42,0
LOTTO MAX,40,36,6/25/2010,10,13,26,31,36,40,45,0
LOTTO MAX,40,37,6/25/2010,2,5,27,32,41,44,48,0
LOTTO MAX,40,38,6/25/2010,2,8,14,20,30,32,38,0
LOTTO MAX,40,39,6/25/2010,7,8,21,22,24,28,49,0
LOTTO MAX,40,40,6/25/2010,3,25,28,29,37,44,49,0
LOTTO MAX,40,41,6/25/2010,6,8,9,20,29,36,41,0
LOTTO MAX,40,42,6/25/2010,4,12,13,32,38,40,47,0
LOTTO MAX,40,43,6/25/2010,12,24,30,34,38,40,43,0
LOTTO MAX,40,44,6/25/2010,3,8,12,17,22,29,34,0
LOTTO MAX,40,45,6/25/2010,7,13,17,18,27,33,44,0
LOTTO MAX,40,46,6/25/2010,11,29,31,41,43,45,46,0
LOTTO MAX,40,47,6/25/2010,7,9,11,15,21,32,38,0
LOTTO MAX,40,48,6/25/2010,5,6,13,29,33,36,44,0
LOTTO MAX,40,49,6/25/2010,4,5,9,14,15,21,38,0
LOTTO MAX,41,0,7/2/2010,9,19,25,26,29,30,44,33
LOTTO MAX,42,0,7/9/2010,9,10,19,24,28,30,31,46
LOTTO MAX,43,0,7/16/2010,10,14,26,34,43,47,48,28
LOTTO MAX,43,1,7/16/2010,1,10,12,13,14,26,33,0
LOTTO MAX,43,2,7/16/2010,2,12,14,16,28,44,48,0
LOTTO MAX,43,3,7/16/2010,1,3,13,28,29,42,45,0
LOTTO MAX,43,4,7/16/2010,4,18,19,24,29,34,42,0
LOTTO MAX,43,5,7/16/2010,1,6,7,19,21,28,43,0
LOTTO MAX,43,6,7/16/2010,4,12,27,30,32,35,47,0
LOTTO MAX,43,7,7/16/2010,10,21,22,28,33,34,36,0
LOTTO MAX,43,8,7/16/2010,1,3,5,6,26,35,39,0
LOTTO MAX,43,9,7/16/2010,1,3,4,19,25,35,46,0
LOTTO MAX,43,10,7/16/2010,2,3,6,32,41,42,48,0
LOTTO MAX,43,11,7/16/2010,14,27,31,37,39,44,46,0
LOTTO MAX,43,12,7/16/2010,7,16,24,26,30,34,40,0
LOTTO MAX,43,13,7/16/2010,14,15,16,20,30,46,47,0
LOTTO MAX,44,0,7/23/2010,17,19,26,29,34,35,38,47
LOTTO MAX,44,1,7/23/2010,13,17,19,21,23,31,33,0
LOTTO MAX,44,2,7/23/2010,12,14,18,19,27,29,36,0
LOTTO MAX,44,3,7/23/2010,6,14,23,29,39,44,49,0
LOTTO MAX,44,4,7/23/2010,4,16,36,37,43,48,49,0
LOTTO MAX,44,5,7/23/2010,7,9,18,20,27,42,43,0
LOTTO MAX,44,6,7/23/2010,18,21,27,31,35,38,44,0
LOTTO MAX,44,7,7/23/2010,3,12,17,30,35,44,46,0
LOTTO MAX,44,8,7/23/2010,1,7,12,16,17,31,49,0
LOTTO MAX,44,9,7/23/2010,2,5,8,14,20,32,49,0
LOTTO MAX,44,10,7/23/2010,4,5,6,23,24,31,45,0
LOTTO MAX,44,11,7/23/2010,6,10,21,29,32,35,47,0
LOTTO MAX,44,12,7/23/2010,9,11,19,28,29,39,47,0
LOTTO MAX,44,13,7/23/2010,8,20,24,27,31,44,46,0
LOTTO MAX,44,14,7/23/2010,3,17,28,35,37,40,46,0
LOTTO MAX,44,15,7/23/2010,6,16,20,24,40,47,48,0
LOTTO MAX,44,16,7/23/2010,8,11,17,23,26,35,36,0
LOTTO MAX,44,17,7/23/2010,4,9,14,20,32,33,38,0
LOTTO MAX,44,18,7/23/2010,6,8,18,23,31,41,42,0
LOTTO MAX,44,19,7/23/2010,5,7,24,31,39,48,49,0
LOTTO MAX,44,20,7/23/2010,20,21,27,31,32,35,44,0
LOTTO MAX,44,21,7/23/2010,2,8,15,31,41,44,46,0
LOTTO MAX,44,22,7/23/2010,11,16,35,37,39,43,46,0
LOTTO MAX,44,23,7/23/2010,6,10,21,22,23,26,45,0
LOTTO MAX,44,24,7/23/2010,4,16,23,31,35,47,48,0
LOTTO MAX,44,25,7/23/2010,2,13,19,22,25,35,38,0
LOTTO MAX,44,26,7/23/2010,6,9,23,24,26,39,49,0
LOTTO MAX,45,0,7/30/2010,5,7,11,40,41,47,48,6
LOTTO MAX,45,1,7/30/2010,10,11,20,36,39,44,49,0
LOTTO MAX,45,2,7/30/2010,1,2,16,27,34,37,46,0
LOTTO MAX,45,3,7/30/2010,8,13,23,28,31,40,47,0
LOTTO MAX,45,4,7/30/2010,3,20,21,30,32,48,49,0
LOTTO MAX,45,5,7/30/2010,13,14,32,34,39,46,47,0
LOTTO MAX,45,6,7/30/2010,13,16,21,22,36,38,43,0
LOTTO MAX,45,7,7/30/2010,15,16,21,27,39,43,46,0
LOTTO MAX,45,8,7/30/2010,5,12,26,29,34,41,49,0
LOTTO MAX,45,9,7/30/2010,8,9,26,27,31,32,47,0
LOTTO MAX,45,10,7/30/2010,12,20,21,23,26,28,41,0
LOTTO MAX,45,11,7/30/2010,4,7,8,9,15,19,23,0
LOTTO MAX,45,12,7/30/2010,10,14,28,32,39,44,45,0
LOTTO MAX,45,13,7/30/2010,4,25,27,30,41,42,48,0
LOTTO MAX,45,14,7/30/2010,9,16,20,35,38,39,47,0
LOTTO MAX,45,15,7/30/2010,10,12,14,26,38,40,48,0
LOTTO MAX,45,16,7/30/2010,9,10,20,26,37,43,49,0
LOTTO MAX,45,17,7/30/2010,3,8,19,21,25,31,48,0
LOTTO MAX,45,18,7/30/2010,1,3,4,24,32,33,37,0
LOTTO MAX,45,19,7/30/2010,13,16,20,25,34,42,45,0
LOTTO MAX,45,20,7/30/2010,8,30,32,35,36,42,45,0
LOTTO MAX,45,21,7/30/2010,1,5,11,16,27,42,47,0
LOTTO MAX,45,22,7/30/2010,2,21,22,25,27,35,37,0
LOTTO MAX,45,23,7/30/2010,19,22,25,27,28,40,47,0
LOTTO MAX,45,24,7/30/2010,12,16,20,22,26,28,29,0
LOTTO MAX,45,25,7/30/2010,3,7,8,9,43,45,49,0
LOTTO MAX,45,26,7/30/2010,16,26,29,39,41,44,46,0
LOTTO MAX,45,27,7/30/2010,6,21,22,25,36,37,47,0
LOTTO MAX,45,28,7/30/2010,20,23,24,31,36,40,46,0
LOTTO MAX,46,0,8/6/2010,1,5,6,32,36,38,44,29
LOTTO MAX,46,1,8/6/2010,7,13,21,25,28,31,47,0
LOTTO MAX,46,2,8/6/2010,2,4,12,27,29,30,36,0
LOTTO MAX,46,3,8/6/2010,8,16,38,39,40,43,49,0
LOTTO MAX,46,4,8/6/2010,6,12,15,21,23,42,48,0
LOTTO MAX,46,5,8/6/2010,3,11,21,32,38,41,49,0
LOTTO MAX,46,6,8/6/2010,15,23,33,35,37,42,45,0
LOTTO MAX,46,7,8/6/2010,3,9,14,18,26,31,49,0
LOTTO MAX,46,8,8/6/2010,4,6,10,13,24,28,44,0
LOTTO MAX,46,9,8/6/2010,7,8,17,21,26,34,44,0
LOTTO MAX,46,10,8/6/2010,4,8,9,10,12,20,34,0
LOTTO MAX,46,11,8/6/2010,6,7,10,17,24,33,45,0
LOTTO MAX,46,12,8/6/2010,6,11,17,21,32,37,39,0
LOTTO MAX,46,13,8/6/2010,8,16,21,23,35,38,44,0
LOTTO MAX,46,14,8/6/2010,3,8,21,28,32,34,48,0
LOTTO MAX,46,15,8/6/2010,9,12,16,19,21,23,45,0
LOTTO MAX,46,16,8/6/2010,3,15,16,18,19,29,35,0
LOTTO MAX,46,17,8/6/2010,1,5,10,18,27,34,45,0
LOTTO MAX,46,18,8/6/2010,1,11,16,33,42,44,49,0
LOTTO MAX,46,19,8/6/2010,4,13,25,45,46,47,48,0
LOTTO MAX,46,20,8/6/2010,9,13,18,24,28,31,44,0
LOTTO MAX,46,21,8/6/2010,6,14,27,30,36,40,49,0
LOTTO MAX,46,22,8/6/2010,3,24,34,38,40,42,48,0
LOTTO MAX,46,23,8/6/2010,9,15,21,27,36,41,49,0
LOTTO MAX,46,24,8/6/2010,15,18,23,39,40,46,48,0
LOTTO MAX,46,25,8/6/2010,6,23,26,30,34,36,41,0
LOTTO MAX,46,26,8/6/2010,1,8,11,19,20,25,28,0
LOTTO MAX,46,27,8/6/2010,6,15,16,19,21,29,42,0
LOTTO MAX,46,28,8/6/2010,16,19,35,40,42,45,48,0
LOTTO MAX,46,29,8/6/2010,8,15,22,29,31,34,48,0
LOTTO MAX,46,30,8/6/2010,9,20,23,24,34,38,44,0
LOTTO MAX,46,31,8/6/2010,5,18,29,33,41,45,49,0
LOTTO MAX,46,32,8/6/2010,1,6,9,15,31,32,40,0
LOTTO MAX,47,0,8/13/2010,19,25,27,29,30,36,46,15
LOTTO MAX,47,1,8/13/2010,2,12,15,26,27,37,44,0
LOTTO MAX,47,2,8/13/2010,1,4,10,13,17,19,33,0
LOTTO MAX,47,3,8/13/2010,2,8,19,20,26,32,47,0
LOTTO MAX,47,4,8/13/2010,1,5,10,15,21,27,42,0
LOTTO MAX,47,5,8/13/2010,1,3,6,19,20,31,39,0
LOTTO MAX,47,6,8/13/2010,1,8,14,17,32,35,47,0
LOTTO MAX,47,7,8/13/2010,2,10,16,22,25,29,38,0
LOTTO MAX,47,8,8/13/2010,6,17,18,25,26,32,40,0
LOTTO MAX,47,9,8/13/2010,19,21,29,30,35,46,49,0
LOTTO MAX,47,10,8/13/2010,7,8,13,17,23,35,45,0
LOTTO MAX,47,11,8/13/2010,4,9,15,26,27,41,43,0
LOTTO MAX,47,12,8/13/2010,7,11,14,20,21,36,38,0
LOTTO MAX,47,13,8/13/2010,7,14,18,22,29,34,48,0
LOTTO MAX,47,14,8/13/2010,3,9,10,16,23,32,36,0
LOTTO MAX,47,15,8/13/2010,3,7,12,14,22,30,33,0
LOTTO MAX,47,16,8/13/2010,7,25,26,42,44,46,47,0
LOTTO MAX,47,17,8/13/2010,12,20,25,29,32,38,49,0
LOTTO MAX,47,18,8/13/2010,7,14,28,34,37,38,42,0
LOTTO MAX,47,19,8/13/2010,5,15,16,23,29,32,44,0
LOTTO MAX,47,20,8/13/2010,10,15,17,31,32,38,39,0
LOTTO MAX,47,21,8/13/2010,4,6,10,20,26,42,45,0
LOTTO MAX,47,22,8/13/2010,3,5,8,13,14,23,29,0
LOTTO MAX,47,23,8/13/2010,13,14,20,22,27,28,33,0
LOTTO MAX,47,24,8/13/2010,5,17,21,23,24,42,46,0
LOTTO MAX,47,25,8/13/2010,12,21,23,28,30,36,46,0
LOTTO MAX,47,26,8/13/2010,5,12,18,26,34,38,43,0
LOTTO MAX,47,27,8/13/2010,3,4,13,15,25,38,43,0
LOTTO MAX,47,28,8/13/2010,7,10,24,25,26,34,42,0
LOTTO MAX,47,29,8/13/2010,4,12,13,23,25,44,47,0
LOTTO MAX,47,30,8/13/2010,6,17,18,27,31,39,40,0
LOTTO MAX,47,31,8/13/2010,1,11,20,25,33,36,49,0
LOTTO MAX,47,32,8/13/2010,6,23,24,29,41,43,47,0
LOTTO MAX,47,33,8/13/2010,4,9,23,25,27,42,44,0
LOTTO MAX,47,34,8/13/2010,5,8,18,26,36,38,43,0
LOTTO MAX,47,35,8/13/2010,2,5,8,12,23,40,46,0
LOTTO MAX,47,36,8/13/2010,9,10,19,21,26,44,49,0
LOTTO MAX,47,37,8/13/2010,9,20,24,29,37,42,47,0
LOTTO MAX,47,38,8/13/2010,21,30,31,33,40,42,46,0
LOTTO MAX,47,39,8/13/2010,5,13,23,28,29,33,39,0
LOTTO MAX,47,40,8/13/2010,3,8,17,21,24,31,39,0
LOTTO MAX,48,0,8/20/2010,4,5,7,8,18,30,35,39
LOTTO MAX,49,0,8/27/2010,3,14,26,27,29,32,34,1
LOTTO MAX,50,0,9/3/2010,12,17,27,28,31,36,48,37
LOTTO MAX,51,0,9/10/2010,4,17,27,32,34,39,47,13
LOTTO MAX,52,0,9/17/2010,2,5,6,43,46,47,48,39
LOTTO MAX,53,0,9/24/2010,9,22,25,30,31,39,42,19
LOTTO MAX,54,0,10/1/2010,10,12,13,25,28,29,41,39
LOTTO MAX,55,0,10/8/2010,3,4,5,8,13,22,33,32
LOTTO MAX,56,0,10/15/2010,3,14,17,25,30,33,39,7
LOTTO MAX,57,0,10/22/2010,12,15,19,20,28,29,39,14
LOTTO MAX,58,0,10/29/2010,2,6,21,26,28,33,47,11
LOTTO MAX,58,1,10/29/2010,5,7,9,24,36,40,42,0
LOTTO MAX,58,2,10/29/2010,4,9,13,14,23,34,36,0
LOTTO MAX,58,3,10/29/2010,2,18,37,39,43,44,46,0
LOTTO MAX,58,4,10/29/2010,5,7,11,12,16,21,31,0
LOTTO MAX,58,5,10/29/2010,3,13,30,31,33,36,41,0
LOTTO MAX,58,6,10/29/2010,6,11,16,25,30,35,46,0
LOTTO MAX,58,7,10/29/2010,6,12,17,20,23,24,30,0
LOTTO MAX,58,8,10/29/2010,13,26,36,37,41,46,47,0
LOTTO MAX,58,9,10/29/2010,1,4,8,16,24,38,45,0
LOTTO MAX,59,0,11/5/2010,7,10,24,30,35,36,39,3
LOTTO MAX,60,0,11/12/2010,13,15,17,18,19,47,49,38
LOTTO MAX,61,0,11/19/2010,4,13,25,29,36,40,48,24
LOTTO MAX,62,0,11/26/2010,12,21,23,27,28,29,37,9
LOTTO MAX,63,0,12/3/2010,1,10,13,26,43,46,49,31
LOTTO MAX,64,0,12/10/2010,7,9,12,20,28,38,44,10
LOTTO MAX,65,0,12/17/2010,1,16,28,29,33,37,47,24
LOTTO MAX,66,0,12/24/2010,8,23,25,26,33,41,43,21
LOTTO MAX,66,1,12/24/2010,4,22,27,28,39,43,47,0
LOTTO MAX,66,2,12/24/2010,1,3,6,9,15,16,49,0
LOTTO MAX,66,3,12/24/2010,2,8,23,32,35,38,45,0
LOTTO MAX,66,4,12/24/2010,4,5,8,9,12,19,25,0
LOTTO MAX,66,5,12/24/2010,1,16,21,33,34,40,45,0
LOTTO MAX,66,6,12/24/2010,4,14,22,35,42,46,49,0
LOTTO MAX,66,7,12/24/2010,10,13,17,18,19,22,35,0
LOTTO MAX,66,8,12/24/2010,6,9,16,31,34,37,46,0
LOTTO MAX,66,9,12/24/2010,1,25,31,32,38,48,49,0
LOTTO MAX,66,10,12/24/2010,5,13,17,21,38,40,42,0
LOTTO MAX,67,0,12/31/2010,2,7,10,22,32,34,38,1
LOTTO MAX,67,1,12/31/2010,11,15,22,25,27,37,49,0
LOTTO MAX,67,2,12/31/2010,9,15,21,30,33,36,41,0
LOTTO MAX,67,3,12/31/2010,1,9,20,27,28,41,44,0
LOTTO MAX,67,4,12/31/2010,1,2,12,20,35,43,47,0
LOTTO MAX,67,5,12/31/2010,8,11,17,18,28,45,47,0
LOTTO MAX,67,6,12/31/2010,1,6,19,21,28,30,40,0
LOTTO MAX,67,7,12/31/2010,3,5,8,17,28,42,44,0
LOTTO MAX,67,8,12/31/2010,2,18,21,32,37,38,40,0
LOTTO MAX,67,9,12/31/2010,8,9,20,28,36,42,44,0
LOTTO MAX,67,10,12/31/2010,11,14,15,18,19,34,39,0
LOTTO MAX,67,11,12/31/2010,3,10,28,29,36,43,45,0
LOTTO MAX,67,12,12/31/2010,5,12,19,27,34,35,40,0
LOTTO MAX,67,13,12/31/2010,8,26,27,30,34,47,48,0
LOTTO MAX,67,14,12/31/2010,1,2,4,15,30,42,47,0
LOTTO MAX,67,15,12/31/2010,1,6,12,13,19,21,41,0
LOTTO MAX,67,16,12/31/2010,2,6,13,14,20,48,49,0
LOTTO MAX,67,17,12/31/2010,9,15,20,22,23,27,31,0
LOTTO MAX,67,18,12/31/2010,9,12,17,18,27,29,44,0
LOTTO MAX,67,19,12/31/2010,22,28,37,40,41,42,43,0
LOTTO MAX,67,20,12/31/2010,9,12,14,22,36,39,45,0
LOTTO MAX,67,21,12/31/2010,1,8,17,20,22,38,40,0
LOTTO MAX,68,0,1/7/2011,2,10,13,15,23,28,49,40
LOTTO MAX,69,0,1/14/2011,2,6,10,12,24,30,37,3
LOTTO MAX,70,0,1/21/2011,2,18,19,29,42,47,49,17
LOTTO MAX,71,0,1/28/2011,7,10,14,20,21,23,31,41
LOTTO MAX,71,1,1/28/2011,5,8,9,18,39,44,49,0
LOTTO MAX,71,2,1/28/2011,12,27,29,32,37,42,43,0
LOTTO MAX,71,3,1/28/2011,6,18,25,26,29,36,42,0
LOTTO MAX,71,4,1/28/2011,20,21,22,26,28,44,48,0
LOTTO MAX,71,5,1/28/2011,11,20,33,39,40,41,46,0
LOTTO MAX,71,6,1/28/2011,2,12,17,19,24,27,32,0
LOTTO MAX,71,7,1/28/2011,16,18,20,23,31,32,37,0
LOTTO MAX,71,8,1/28/2011,1,16,31,34,39,42,46,0
LOTTO MAX,71,9,1/28/2011,20,21,23,28,32,34,48,0
LOTTO MAX,71,10,1/28/2011,10,13,15,21,38,44,48,0
LOTTO MAX,71,11,1/28/2011,8,18,20,24,40,42,44,0
LOTTO MAX,71,12,1/28/2011,13,15,29,34,40,41,42,0
LOTTO MAX,71,13,1/28/2011,6,7,25,26,32,33,47,0
LOTTO MAX,72,0,2/4/2011,1,3,13,18,19,39,48,40
LOTTO MAX,73,0,2/11/2011,4,6,13,19,26,29,47,43
LOTTO MAX,74,0,2/18/2011,3,7,12,16,20,42,48,31
LOTTO MAX,75,0,2/25/2011,3,14,19,30,32,39,46,8
LOTTO MAX,75,1,2/25/2011,2,13,23,37,45,47,48,0
LOTTO MAX,75,2,2/25/2011,6,9,16,17,19,31,42,0
LOTTO MAX,75,3,2/25/2011,2,12,31,34,45,48,49,0
LOTTO MAX,75,4,2/25/2011,2,5,10,19,22,42,45,0
LOTTO MAX,75,5,2/25/2011,2,9,11,13,29,39,44,0
LOTTO MAX,75,6,2/25/2011,5,10,19,28,37,39,43,0
LOTTO MAX,75,7,2/25/2011,5,6,16,27,31,36,48,0
LOTTO MAX,76,0,3/4/2011,3,18,27,29,32,33,35,47
LOTTO MAX,76,1,3/4/2011,4,10,25,36,37,41,42,0
LOTTO MAX,76,2,3/4/2011,1,9,13,14,18,20,24,0
LOTTO MAX,76,3,3/4/2011,1,2,8,10,13,18,44,0
LOTTO MAX,76,4,3/4/2011,5,6,12,20,32,35,36,0
LOTTO MAX,76,5,3/4/2011,2,8,17,26,35,38,48,0
LOTTO MAX,76,6,3/4/2011,6,7,9,16,18,26,28,0
LOTTO MAX,76,7,3/4/2011,1,12,13,15,17,27,29,0
LOTTO MAX,76,8,3/4/2011,2,16,31,39,42,46,48,0
LOTTO MAX,76,9,3/4/2011,7,12,19,21,24,26,38,0
LOTTO MAX,76,10,3/4/2011,7,16,25,28,30,32,48,0
LOTTO MAX,76,11,3/4/2011,2,10,11,12,19,20,37,0
LOTTO MAX,76,12,3/4/2011,5,10,18,25,32,38,40,0
LOTTO MAX,76,13,3/4/2011,12,14,17,24,25,32,47,0
LOTTO MAX,76,14,3/4/2011,9,12,24,37,40,45,47,0
LOTTO MAX,76,15,3/4/2011,4,9,14,32,34,37,48,0
LOTTO MAX,76,16,3/4/2011,2,20,26,38,42,43,46,0
LOTTO MAX,76,17,3/4/2011,17,21,24,26,30,43,49,0
LOTTO MAX,76,18,3/4/2011,1,7,8,25,26,28,31,0
LOTTO MAX,76,19,3/4/2011,3,7,18,25,28,36,46,0
LOTTO MAX,76,20,3/4/2011,1,4,8,14,19,45,48,0
LOTTO MAX,76,21,3/4/2011,8,25,40,41,42,45,46,0
LOTTO MAX,76,22,3/4/2011,12,13,15,20,22,34,47,0
LOTTO MAX,77,0,3/11/2011,2,3,4,20,22,40,43,9
LOTTO MAX,77,1,3/11/2011,2,11,21,28,32,33,38,0
LOTTO MAX,77,2,3/11/2011,4,7,9,13,19,37,47,0
LOTTO MAX,77,3,3/11/2011,10,15,17,29,35,44,46,0
LOTTO MAX,77,4,3/11/2011,2,9,10,13,14,27,41,0
LOTTO MAX,77,5,3/11/2011,2,3,6,12,15,19,36,0
LOTTO MAX,77,6,3/11/2011,3,5,9,14,27,33,46,0
LOTTO MAX,77,7,3/11/2011,7,16,17,21,27,32,40,0
LOTTO MAX,77,8,3/11/2011,4,6,16,27,30,40,42,0
LOTTO MAX,77,9,3/11/2011,6,27,30,33,37,41,47,0
LOTTO MAX,77,10,3/11/2011,1,2,4,20,39,48,49,0
LOTTO MAX,77,11,3/11/2011,13,15,17,22,24,26,43,0
LOTTO MAX,77,12,3/11/2011,3,6,9,12,14,21,36,0
LOTTO MAX,77,13,3/11/2011,7,8,24,30,34,45,48,0
LOTTO MAX,77,14,3/11/2011,7,16,22,24,35,41,47,0
LOTTO MAX,77,15,3/11/2011,20,30,37,40,41,43,45,0
LOTTO MAX,77,16,3/11/2011,4,8,22,27,39,41,46,0
LOTTO MAX,77,17,3/11/2011,2,5,9,23,26,29,31,0
LOTTO MAX,77,18,3/11/2011,22,24,26,38,41,43,44,0
LOTTO MAX,77,19,3/11/2011,4,12,21,24,26,44,48,0
LOTTO MAX,77,20,3/11/2011,17,18,27,30,34,41,45,0
LOTTO MAX,77,21,3/11/2011,6,12,15,16,20,29,31,0
LOTTO MAX,77,22,3/11/2011,14,15,18,29,33,34,47,0
LOTTO MAX,77,23,3/11/2011,11,17,25,37,39,45,46,0
LOTTO MAX,77,24,3/11/2011,17,22,27,28,29,31,38,0
LOTTO MAX,77,25,3/11/2011,3,5,19,25,32,41,48,0
LOTTO MAX,77,26,3/11/2011,1,5,12,17,18,22,47,0
LOTTO MAX,77,27,3/11/2011,3,15,17,18,27,43,49,0
LOTTO MAX,77,28,3/11/2011,9,12,13,22,27,37,47,0
LOTTO MAX,77,29,3/11/2011,18,19,27,28,33,37,43,0
LOTTO MAX,77,30,3/11/2011,8,13,26,35,44,45,47,0
LOTTO MAX,77,31,3/11/2011,5,12,20,27,31,42,49,0
LOTTO MAX,77,32,3/11/2011,3,4,18,25,34,35,36,0
LOTTO MAX,78,0,3/18/2011,2,5,10,21,25,35,49,40
LOTTO MAX,79,0,3/25/2011,1,4,22,25,26,36,46,5
LOTTO MAX,80,0,4/1/2011,5,6,11,12,24,26,34,49
LOTTO MAX,80,1,4/1/2011,7,9,10,18,19,21,29,0
LOTTO MAX,80,2,4/1/2011,4,28,31,32,33,34,49,0
LOTTO MAX,80,3,4/1/2011,6,7,8,18,22,40,41,0
LOTTO MAX,80,4,4/1/2011,5,8,14,19,22,38,41,0
LOTTO MAX,80,5,4/1/2011,1,8,10,17,31,37,43,0
LOTTO MAX,80,6,4/1/2011,16,22,31,32,37,42,45,0
LOTTO MAX,80,7,4/1/2011,20,24,25,27,31,36,44,0
LOTTO MAX,80,8,4/1/2011,10,17,20,21,36,44,46,0
LOTTO MAX,80,9,4/1/2011,5,6,10,11,17,27,45,0
LOTTO MAX,81,0,4/8/2011,13,18,25,41,44,48,49,1
LOTTO MAX,81,1,4/8/2011,3,4,7,17,30,32,38,0
LOTTO MAX,81,2,4/8/2011,4,8,32,39,42,45,49,0
LOTTO MAX,81,3,4/8/2011,2,11,17,24,37,41,46,0
LOTTO MAX,81,4,4/8/2011,2,8,22,29,33,34,35,0
LOTTO MAX,81,5,4/8/2011,8,16,18,25,33,34,48,0
LOTTO MAX,81,6,4/8/2011,4,6,14,31,33,35,48,0
LOTTO MAX,81,7,4/8/2011,9,10,14,25,29,35,46,0
LOTTO MAX,81,8,4/8/2011,8,11,17,19,37,43,45,0
LOTTO MAX,81,9,4/8/2011,5,17,20,21,26,30,45,0
LOTTO MAX,81,10,4/8/2011,10,11,25,41,42,45,46,0
LOTTO MAX,81,11,4/8/2011,14,25,27,35,36,40,43,0
LOTTO MAX,81,12,4/8/2011,7,8,23,29,33,36,39,0
LOTTO MAX,81,13,4/8/2011,2,5,8,11,38,41,45,0
LOTTO MAX,81,14,4/8/2011,5,9,19,22,25,26,41,0
LOTTO MAX,81,15,4/8/2011,2,5,7,10,22,26,28,0
LOTTO MAX,81,16,4/8/2011,2,9,13,28,31,41,46,0
LOTTO MAX,81,17,4/8/2011,3,5,27,32,42,46,48,0
LOTTO MAX,81,18,4/8/2011,2,3,6,7,11,25,29,0
LOTTO MAX,81,19,4/8/2011,7,12,21,22,45,48,49,0
LOTTO MAX,81,20,4/8/2011,6,12,15,23,29,36,37,0
LOTTO MAX,81,21,4/8/2011,1,8,18,24,27,41,45,0
LOTTO MAX,81,22,4/8/2011,5,20,26,33,42,44,48,0
LOTTO MAX,81,23,4/8/2011,1,2,6,37,44,45,49,0
LOTTO MAX,81,24,4/8/2011,7,14,20,23,29,30,42,0
LOTTO MAX,82,0,4/15/2011,3,12,14,15,25,32,49,37
LOTTO MAX,82,1,4/15/2011,7,10,11,21,33,37,43,0
LOTTO MAX,82,2,4/15/2011,7,8,16,31,34,38,48,0
LOTTO MAX,82,3,4/15/2011,2,17,27,34,42,45,47,0
LOTTO MAX,82,4,4/15/2011,5,12,13,24,33,46,48,0
LOTTO MAX,82,5,4/15/2011,9,10,15,21,22,34,38,0
LOTTO MAX,82,6,4/15/2011,1,5,11,21,22,32,36,0
LOTTO MAX,82,7,4/15/2011,14,22,23,27,36,37,44,0
LOTTO MAX,82,8,4/15/2011,1,8,14,15,22,28,43,0
LOTTO MAX,82,9,4/15/2011,6,13,18,22,25,27,31,0
LOTTO MAX,82,10,4/15/2011,1,8,13,16,21,29,30,0
LOTTO MAX,82,11,4/15/2011,2,18,24,26,41,47,49,0
LOTTO MAX,82,12,4/15/2011,6,16,18,21,22,29,46,0
LOTTO MAX,82,13,4/15/2011,10,14,30,31,34,42,47,0
LOTTO MAX,82,14,4/15/2011,3,9,12,18,36,39,41,0
LOTTO MAX,82,15,4/15/2011,12,13,28,37,39,46,47,0
LOTTO MAX,82,16,4/15/2011,9,12,13,24,35,41,46,0
LOTTO MAX,82,17,4/15/2011,4,9,20,24,26,33,46,0
LOTTO MAX,82,18,4/15/2011,1,4,16,31,43,48,49,0
LOTTO MAX,82,19,4/15/2011,4,10,19,21,23,25,46,0
LOTTO MAX,82,20,4/15/2011,1,4,15,25,38,41,47,0
LOTTO MAX,82,21,4/15/2011,3,15,24,31,34,42,47,0
LOTTO MAX,82,22,4/15/2011,1,2,6,29,32,37,39,0
LOTTO MAX,82,23,4/15/2011,18,24,28,31,32,44,45,0
LOTTO MAX,82,24,4/15/2011,8,9,10,11,28,35,45,0
LOTTO MAX,82,25,4/15/2011,1,7,16,25,30,33,40,0
LOTTO MAX,82,26,4/15/2011,5,6,20,22,26,30,37,0
LOTTO MAX,82,27,4/15/2011,10,19,20,21,23,27,48,0
LOTTO MAX,82,28,4/15/2011,5,10,21,27,34,40,47,0
LOTTO MAX,82,29,4/15/2011,3,7,16,19,23,37,45,0
LOTTO MAX,82,30,4/15/2011,1,24,28,34,45,47,49,0
LOTTO MAX,82,31,4/15/2011,17,19,26,28,32,41,43,0
LOTTO MAX,82,32,4/15/2011,3,6,15,27,45,47,48,0
LOTTO MAX,82,33,4/15/2011,9,12,26,35,36,37,48,0
LOTTO MAX,82,34,4/15/2011,7,14,18,29,39,42,48,0
LOTTO MAX,82,35,4/15/2011,3,23,29,31,33,36,38,0
LOTTO MAX,82,36,4/15/2011,5,15,25,33,40,44,49,0
LOTTO MAX,82,37,4/15/2011,10,22,25,27,31,43,45,0
LOTTO MAX,82,38,4/15/2011,10,16,23,26,27,36,41,0
LOTTO MAX,82,39,4/15/2011,9,10,17,18,23,28,31,0
LOTTO MAX,82,40,4/15/2011,4,7,14,16,17,31,42,0
LOTTO MAX,83,0,4/22/2011,7,19,34,35,38,42,46,11
LOTTO MAX,84,0,4/29/2011,1,13,20,24,39,45,47,25
LOTTO MAX,85,0,5/6/2011,6,19,24,25,26,35,36,23
LOTTO MAX,86,0,5/13/2011,7,8,14,32,38,42,44,30
LOTTO MAX,87,0,5/20/2011,7,12,14,18,30,45,47,20
LOTTO MAX,88,0,5/27/2011,5,9,19,20,21,28,30,36
LOTTO MAX,89,0,6/3/2011,8,21,28,32,33,34,48,38
LOTTO MAX,90,0,6/10/2011,8,11,12,25,28,30,33,16
LOTTO MAX,91,0,6/17/2011,2,7,14,16,22,27,47,25
LOTTO MAX,92,0,6/24/2011,2,9,10,15,29,44,48,22
LOTTO MAX,93,0,7/1/2011,15,18,20,28,29,40,47,38
LOTTO MAX,94,0,7/8/2011,17,22,28,38,41,43,45,5
LOTTO MAX,95,0,7/15/2011,3,7,8,12,18,24,41,1
LOTTO MAX,96,0,7/22/2011,4,13,23,28,32,40,42,12
LOTTO MAX,97,0,7/29/2011,1,2,3,17,24,35,36,30
LOTTO MAX,98,0,8/5/2011,11,17,18,20,22,29,45,27
LOTTO MAX,99,0,8/12/2011,4,15,21,30,33,35,47,28
LOTTO MAX,100,0,8/19/2011,4,14,24,41,43,46,49,1
LOTTO MAX,101,0,8/26/2011,6,11,12,14,35,43,44,42
LOTTO MAX,102,0,9/2/2011,2,3,8,13,18,20,23,10
LOTTO MAX,103,0,9/9/2011,6,8,15,20,30,32,42,17
LOTTO MAX,104,0,9/16/2011,12,18,22,24,28,43,49,21
LOTTO MAX,105,0,9/23/2011,8,16,24,27,30,38,40,18
LOTTO MAX,106,0,9/30/2011,5,6,7,12,14,18,25,38
LOTTO MAX,107,0,10/7/2011,12,13,24,25,26,41,43,7
LOTTO MAX,107,1,10/7/2011,7,20,22,25,41,45,46,0
LOTTO MAX,107,2,10/7/2011,9,12,15,22,23,33,41,0
LOTTO MAX,108,0,10/14/2011,1,3,7,19,31,39,49,17
LOTTO MAX,109,0,10/21/2011,6,23,27,30,34,38,45,21
LOTTO MAX,110,0,10/28/2011,2,4,18,20,29,38,41,9
LOTTO MAX,111,0,11/4/2011,5,8,13,15,27,28,37,39
LOTTO MAX,112,0,11/11/2011,5,7,9,25,31,37,39,22
LOTTO MAX,112,1,11/11/2011,2,3,25,29,32,33,35,0
LOTTO MAX,112,2,11/11/2011,7,17,19,21,34,42,48,0
LOTTO MAX,113,0,11/18/2011,8,17,27,28,39,44,49,24
LOTTO MAX,113,1,11/18/2011,11,14,18,24,28,35,41,0
LOTTO MAX,113,2,11/18/2011,19,23,28,30,39,41,42,0
LOTTO MAX,113,3,11/18/2011,4,7,21,33,37,40,47,0
LOTTO MAX,113,4,11/18/2011,11,17,19,25,32,43,45,0
LOTTO MAX,113,5,11/18/2011,7,10,11,20,31,35,41,0
LOTTO MAX,113,6,11/18/2011,2,7,12,17,25,36,42,0
LOTTO MAX,113,7,11/18/2011,1,9,18,21,39,42,48,0
LOTTO MAX,113,8,11/18/2011,10,19,29,31,38,47,48,0
LOTTO MAX,113,9,11/18/2011,7,14,23,33,35,38,41,0
LOTTO MAX,113,10,11/18/2011,1,3,6,11,26,36,43,0
LOTTO MAX,113,11,11/18/2011,1,7,8,9,10,15,26,0
LOTTO MAX,113,12,11/18/2011,1,4,8,17,19,29,32,0
LOTTO MAX,113,13,11/18/2011,11,20,35,38,39,44,49,0
LOTTO MAX,113,14,11/18/2011,1,9,12,30,40,45,48,0
LOTTO MAX,113,15,11/18/2011,2,3,11,20,23,25,29,0
LOTTO MAX,113,16,11/18/2011,8,12,13,25,42,43,49,0
LOTTO MAX,113,17,11/18/2011,20,22,28,31,36,40,44,0
LOTTO MAX,114,0,11/25/2011,8,10,15,24,30,35,49,23
LOTTO MAX,115,0,12/2/2011,23,29,33,34,39,44,48,32
LOTTO MAX,116,0,12/9/2011,3,11,18,19,23,27,44,46
LOTTO MAX,117,0,12/16/2011,11,24,26,31,42,44,46,22
LOTTO MAX,118,0,12/23/2011,3,4,9,25,26,37,39,45
LOTTO MAX,118,1,12/23/2011,13,19,21,32,41,42,48,0
LOTTO MAX,118,2,12/23/2011,9,12,30,35,42,45,48,0
LOTTO MAX,119,0,12/30/2011,2,13,22,28,35,41,42,4
LOTTO MAX,119,1,12/30/2011,2,23,29,32,39,40,42,0
LOTTO MAX,119,2,12/30/2011,12,22,24,29,32,47,48,0
LOTTO MAX,119,3,12/30/2011,2,3,4,20,23,35,44,0
LOTTO MAX,119,4,12/30/2011,1,10,15,20,24,30,41,0
LOTTO MAX,119,5,12/30/2011,16,20,31,42,46,48,49,0
LOTTO MAX,119,6,12/30/2011,12,18,27,30,33,43,44,0
LOTTO MAX,119,7,12/30/2011,7,10,11,15,37,38,43,0
LOTTO MAX,119,8,12/30/2011,15,16,18,19,28,38,49,0
LOTTO MAX,119,9,12/30/2011,4,9,32,44,46,47,48,0
LOTTO MAX,119,10,12/30/2011,5,6,26,28,36,39,41,0
LOTTO MAX,120,0,1/6/2012,1,2,8,13,22,45,46,48
LOTTO MAX,121,0,1/13/2012,6,15,18,26,41,46,48,27
LOTTO MAX,122,0,1/20/2012,9,15,21,23,41,43,44,46
LOTTO MAX,123,0,1/27/2012,8,24,28,34,37,43,45,21
LOTTO MAX,123,1,1/27/2012,20,21,22,25,27,28,33,0
LOTTO MAX,123,2,1/27/2012,2,6,9,21,34,37,43,0
LOTTO MAX,124,0,2/3/2012,2,8,12,14,33,37,47,46
LOTTO MAX,124,1,2/3/2012,9,10,13,22,28,40,45,0
LOTTO MAX,124,2,2/3/2012,11,18,23,36,45,46,48,0
LOTTO MAX,124,3,2/3/2012,4,7,16,32,43,46,48,0
LOTTO MAX,124,4,2/3/2012,12,24,32,37,43,44,46,0
LOTTO MAX,124,5,2/3/2012,5,21,25,26,35,38,42,0
LOTTO MAX,124,6,2/3/2012,7,15,20,23,32,33,35,0
LOTTO MAX,124,7,2/3/2012,6,19,22,25,31,37,44,0
LOTTO MAX,124,8,2/3/2012,3,12,16,26,29,36,42,0
LOTTO MAX,124,9,2/3/2012,5,10,20,26,34,40,46,0
LOTTO MAX,124,10,2/3/2012,7,10,13,23,39,43,49,0
LOTTO MAX,125,0,2/10/2012,1,5,25,35,38,44,47,39
LOTTO MAX,126,0,2/17/2012,1,15,26,28,31,39,49,18
LOTTO MAX,127,0,2/24/2012,6,17,23,24,25,31,38,7
LOTTO MAX,128,0,3/2/2012,4,13,14,15,34,46,47,49
LOTTO MAX,129,0,3/9/2012,7,18,19,29,39,47,48,32
LOTTO MAX,130,0,3/16/2012,5,7,18,24,28,41,49,26
LOTTO MAX,130,1,3/16/2012,1,2,5,9,16,29,31,0
LOTTO MAX,130,2,3/16/2012,9,11,18,31,38,43,46,0
LOTTO MAX,131,0,3/23/2012,6,18,21,23,24,32,48,47
LOTTO MAX,131,1,3/23/2012,15,18,19,20,34,43,48,0
LOTTO MAX,131,2,3/23/2012,17,21,25,26,29,38,45,0
LOTTO MAX,131,3,3/23/2012,15,20,23,31,35,44,46,0
LOTTO MAX,131,4,3/23/2012,5,12,17,24,39,48,49,0
LOTTO MAX,131,5,3/23/2012,3,7,30,31,34,45,49,0
LOTTO MAX,131,6,3/23/2012,1,5,11,25,34,43,46,0
LOTTO MAX,131,7,3/23/2012,19,20,21,30,32,39,42,0
LOTTO MAX,131,8,3/23/2012,6,25,32,36,40,45,46,0
LOTTO MAX,131,9,3/23/2012,2,12,14,18,20,26,27,0
LOTTO MAX,131,10,3/23/2012,1,3,21,23,25,32,37,0
LOTTO MAX,131,11,3/23/2012,3,7,11,15,18,32,33,0
LOTTO MAX,131,12,3/23/2012,12,16,20,27,32,36,43,0
LOTTO MAX,131,13,3/23/2012,15,16,20,35,36,45,49,0
LOTTO MAX,131,14,3/23/2012,2,3,8,15,26,43,48,0
LOTTO MAX,132,0,3/30/2012,3,11,12,19,35,45,47,13
LOTTO MAX,133,0,4/6/2012,15,18,19,25,32,42,49,43
LOTTO MAX,134,0,4/13/2012,2,6,11,12,16,39,45,3
LOTTO MAX,135,0,4/20/2012,14,15,16,19,30,36,46,42
LOTTO MAX,136,0,4/27/2012,3,23,28,40,42,43,45,17
LOTTO MAX,137,0,5/4/2012,3,5,6,25,37,43,45,21
LOTTO MAX,137,1,5/4/2012,6,7,18,32,39,43,44,0
LOTTO MAX,137,2,5/4/2012,3,4,22,27,33,41,49,0
LOTTO MAX,138,0,5/11/2012,1,6,7,24,31,36,39,26
LOTTO MAX,138,1,5/11/2012,1,3,6,7,13,14,48,0
LOTTO MAX,138,2,5/11/2012,5,8,11,15,18,29,37,0
LOTTO MAX,138,3,5/11/2012,5,26,33,36,41,46,48,0
LOTTO MAX,138,4,5/11/2012,2,5,27,32,35,36,48,0
LOTTO MAX,138,5,5/11/2012,5,8,24,26,29,34,36,0
LOTTO MAX,138,6,5/11/2012,6,8,12,16,18,23,27,0
LOTTO MAX,138,7,5/11/2012,5,13,17,23,40,41,49,0
LOTTO MAX,138,8,5/11/2012,2,6,11,17,20,24,38,0
LOTTO MAX,138,9,5/11/2012,9,19,21,22,23,43,49,0
LOTTO MAX,138,10,5/11/2012,7,10,15,25,26,34,38,0
LOTTO MAX,139,0,5/18/2012,3,4,13,15,21,29,48,26
LOTTO MAX,139,1,5/18/2012,4,8,13,27,28,34,47,0
LOTTO MAX,139,2,5/18/2012,3,6,8,9,18,20,45,0
LOTTO MAX,139,3,5/18/2012,4,13,18,20,25,38,47,0
LOTTO MAX,139,4,5/18/2012,4,6,8,11,25,40,46,0
LOTTO MAX,139,5,5/18/2012,1,14,15,28,29,36,47,0
LOTTO MAX,139,6,5/18/2012,6,11,12,13,28,34,46,0
LOTTO MAX,139,7,5/18/2012,12,19,20,24,26,39,42,0
LOTTO MAX,139,8,5/18/2012,6,7,10,28,33,38,42,0
LOTTO MAX,139,9,5/18/2012,3,10,13,19,21,23,28,0
LOTTO MAX,139,10,5/18/2012,5,9,24,26,31,37,49,0
LOTTO MAX,139,11,5/18/2012,19,22,28,30,39,43,48,0
LOTTO MAX,139,12,5/18/2012,7,9,10,20,27,38,39,0
LOTTO MAX,139,13,5/18/2012,3,7,11,21,25,31,32,0
LOTTO MAX,139,14,5/18/2012,4,5,21,32,41,42,45,0
LOTTO MAX,139,15,5/18/2012,2,13,15,18,24,34,35,0
LOTTO MAX,139,16,5/18/2012,3,17,20,25,36,44,48,0
LOTTO MAX,139,17,5/18/2012,9,15,16,17,30,35,43,0
LOTTO MAX,139,18,5/18/2012,3,5,11,19,24,46,47,0
LOTTO MAX,139,19,5/18/2012,7,19,20,30,31,35,46,0
LOTTO MAX,139,20,5/18/2012,12,22,26,31,35,40,48,0
LOTTO MAX,140,0,5/25/2012,1,2,3,6,12,20,41,10
LOTTO MAX,141,0,6/1/2012,4,7,13,24,26,27,43,41
LOTTO MAX,142,0,6/8/2012,9,10,16,24,26,44,48,27
LOTTO MAX,143,0,6/15/2012,8,11,20,28,36,43,47,18
LOTTO MAX,143,1,6/15/2012,2,12,13,19,27,30,31,0
LOTTO MAX,143,2,6/15/2012,5,6,9,16,25,27,39,0
LOTTO MAX,143,3,6/15/2012,4,11,14,22,37,39,44,0
LOTTO MAX,143,4,6/15/2012,14,17,21,31,32,33,43,0
LOTTO MAX,143,5,6/15/2012,5,20,21,25,26,30,33,0
LOTTO MAX,143,6,6/15/2012,8,10,12,13,25,27,31,0
LOTTO MAX,144,0,6/22/2012,1,12,20,22,30,34,38,33
LOTTO MAX,144,1,6/22/2012,6,8,12,13,16,28,37,0
LOTTO MAX,144,2,6/22/2012,4,13,23,24,37,42,45,0
LOTTO MAX,144,3,6/22/2012,4,6,7,34,35,41,46,0
LOTTO MAX,144,4,6/22/2012,3,6,19,27,29,31,34,0
LOTTO MAX,144,5,6/22/2012,2,9,12,19,22,26,39,0
LOTTO MAX,144,6,6/22/2012,2,3,4,14,22,26,36,0
LOTTO MAX,144,7,6/22/2012,3,10,18,24,30,41,48,0
LOTTO MAX,144,8,6/22/2012,1,2,18,31,32,39,45,0
LOTTO MAX,144,9,6/22/2012,4,10,17,19,22,31,37,0
LOTTO MAX,144,10,6/22/2012,2,3,20,23,27,34,49,0
LOTTO MAX,144,11,6/22/2012,6,11,15,25,34,37,44,0
LOTTO MAX,144,12,6/22/2012,1,14,15,17,23,31,40,0
LOTTO MAX,144,13,6/22/2012,3,6,19,20,26,30,40,0
LOTTO MAX,144,14,6/22/2012,5,26,30,42,44,45,48,0
LOTTO MAX,144,15,6/22/2012,3,4,14,15,19,20,44,0
LOTTO MAX,144,16,6/22/2012,2,4,5,9,16,35,37,0
LOTTO MAX,144,17,6/22/2012,14,27,29,35,41,42,49,0
LOTTO MAX,144,18,6/22/2012,14,23,24,25,34,41,43,0
LOTTO MAX,145,0,6/29/2012,10,14,20,28,35,40,42,44
LOTTO MAX,145,1,6/29/2012,6,17,25,32,34,38,42,0
LOTTO MAX,145,2,6/29/2012,7,8,10,27,30,37,41,0
LOTTO MAX,145,3,6/29/2012,2,18,26,30,33,40,48,0
LOTTO MAX,145,4,6/29/2012,13,22,28,32,40,46,49,0
LOTTO MAX,145,5,6/29/2012,3,25,28,31,39,44,49,0
LOTTO MAX,145,6,6/29/2012,4,8,11,20,30,39,40,0
LOTTO MAX,145,7,6/29/2012,3,9,21,22,23,29,43,0
LOTTO MAX,145,8,6/29/2012,1,8,9,22,33,35,36,0
LOTTO MAX,145,9,6/29/2012,5,12,13,14,27,30,33,0
LOTTO MAX,145,10,6/29/2012,11,20,31,33,37,47,48,0
LOTTO MAX,145,11,6/29/2012,6,14,18,20,25,37,43,0
LOTTO MAX,145,12,6/29/2012,3,4,19,26,28,35,41,0
LOTTO MAX,145,13,6/29/2012,1,8,15,23,24,32,46,0
LOTTO MAX,145,14,6/29/2012,3,11,13,24,29,40,41,0
LOTTO MAX,145,15,6/29/2012,2,10,24,25,31,38,49,0
LOTTO MAX,145,16,6/29/2012,2,3,5,10,12,30,35,0
LOTTO MAX,145,17,6/29/2012,1,2,8,35,42,43,44,0
LOTTO MAX,145,18,6/29/2012,15,22,23,27,34,36,48,0
LOTTO MAX,145,19,6/29/2012,2,14,17,18,24,36,43,0
LOTTO MAX,145,20,6/29/2012,1,2,11,16,25,28,41,0
LOTTO MAX,145,21,6/29/2012,3,10,21,26,30,35,49,0
LOTTO MAX,145,22,6/29/2012,3,4,10,14,23,24,49,0
LOTTO MAX,145,23,6/29/2012,2,6,7,14,21,36,38,0
LOTTO MAX,145,24,6/29/2012,6,8,14,22,39,45,49,0
LOTTO MAX,145,25,6/29/2012,4,16,18,23,39,44,49,0
LOTTO MAX,145,26,6/29/2012,11,28,29,34,35,39,44,0
LOTTO MAX,145,27,6/29/2012,5,8,12,20,33,42,45,0
LOTTO MAX,145,28,6/29/2012,3,4,14,17,33,38,44,0
LOTTO MAX,146,0,7/6/2012,14,26,31,34,37,45,48,38
LOTTO MAX,146,1,7/6/2012,11,12,14,16,20,33,48,0
LOTTO MAX,146,2,7/6/2012,7,17,22,32,34,40,47,0
LOTTO MAX,146,3,7/6/2012,2,11,15,17,40,43,49,0
LOTTO MAX,146,4,7/6/2012,1,5,19,20,23,24,32,0
LOTTO MAX,146,5,7/6/2012,2,3,5,15,21,27,35,0
LOTTO MAX,146,6,7/6/2012,1,6,9,14,35,38,45,0
LOTTO MAX,146,7,7/6/2012,8,9,15,19,20,30,46,0
LOTTO MAX,146,8,7/6/2012,7,8,10,28,46,47,48,0
LOTTO MAX,146,9,7/6/2012,8,10,18,19,34,36,40,0
LOTTO MAX,146,10,7/6/2012,7,9,11,16,22,45,46,0
LOTTO MAX,146,11,7/6/2012,4,15,28,38,42,45,47,0
LOTTO MAX,146,12,7/6/2012,5,6,7,9,13,37,44,0
LOTTO MAX,146,13,7/6/2012,5,11,19,26,28,30,39,0
LOTTO MAX,146,14,7/6/2012,12,13,22,25,32,38,41,0
LOTTO MAX,146,15,7/6/2012,12,15,16,31,44,46,48,0
LOTTO MAX,146,16,7/6/2012,6,9,22,23,35,41,48,0
LOTTO MAX,146,17,7/6/2012,5,9,11,18,35,40,49,0
LOTTO MAX,146,18,7/6/2012,20,33,40,45,47,48,49,0
LOTTO MAX,146,19,7/6/2012,8,13,27,31,36,39,48,0
LOTTO MAX,146,20,7/6/2012,9,21,22,36,38,45,46,0
LOTTO MAX,146,21,7/6/2012,6,20,22,26,29,39,43,0
LOTTO MAX,146,22,7/6/2012,7,16,18,20,36,42,43,0
LOTTO MAX,146,23,7/6/2012,2,7,16,25,27,46,49,0
LOTTO MAX,146,24,7/6/2012,1,3,22,26,29,31,37,0
LOTTO MAX,146,25,7/6/2012,3,10,11,22,26,37,39,0
LOTTO MAX,146,26,7/6/2012,13,31,33,36,38,39,42,0
LOTTO MAX,146,27,7/6/2012,4,10,13,16,27,37,40,0
LOTTO MAX,146,28,7/6/2012,11,25,34,39,41,44,48,0
LOTTO MAX,146,29,7/6/2012,3,10,17,20,21,25,34,0
LOTTO MAX,146,30,7/6/2012,8,11,13,17,30,31,48,0
LOTTO MAX,146,31,7/6/2012,1,5,7,14,18,21,34,0
LOTTO MAX,146,32,7/6/2012,4,11,12,20,26,36,38,0
LOTTO MAX,146,33,7/6/2012,3,5,6,11,30,40,46,0
LOTTO MAX,146,34,7/6/2012,2,20,31,36,43,44,47,0
LOTTO MAX,146,35,7/6/2012,6,10,16,19,22,25,43,0
LOTTO MAX,146,36,7/6/2012,4,16,29,32,34,42,46,0
LOTTO MAX,146,37,7/6/2012,17,25,29,32,33,35,49,0
LOTTO MAX,146,38,7/6/2012,3,14,15,17,22,27,30,0
LOTTO MAX,146,39,7/6/2012,9,16,20,23,33,42,49,0
LOTTO MAX,146,40,7/6/2012,7,8,21,26,41,48,49,0
LOTTO MAX,146,41,7/6/2012,4,5,11,13,17,23,36,0
LOTTO MAX,146,42,7/6/2012,12,14,17,18,27,28,46,0
LOTTO MAX,146,43,7/6/2012,12,19,28,34,37,40,49,0
LOTTO MAX,146,44,7/6/2012,10,11,15,23,30,31,49,0
LOTTO MAX,146,45,7/6/2012,2,3,17,18,23,34,42,0
LOTTO MAX,146,46,7/6/2012,6,33,34,35,37,41,48,0
LOTTO MAX,146,47,7/6/2012,8,12,19,20,30,32,44,0
LOTTO MAX,146,48,7/6/2012,5,8,14,18,21,27,42,0
LOTTO MAX,146,49,7/6/2012,2,6,11,13,31,33,44,0
LOTTO MAX,146,50,7/6/2012,6,12,19,28,29,30,47,0
LOTTO MAX,147,0,7/13/2012,3,13,14,23,33,36,45,7
LOTTO MAX,148,0,7/20/2012,4,7,29,35,39,43,44,46
LOTTO MAX,149,0,7/27/2012,2,20,25,26,46,47,48,44
LOTTO MAX,150,0,8/3/2012,1,2,18,26,27,39,42,33
LOTTO MAX,151,0,8/10/2012,2,15,18,19,22,27,49,40
LOTTO MAX,152,0,8/17/2012,18,19,22,27,29,36,47,25
LOTTO MAX,152,1,8/17/2012,3,7,15,25,33,39,47,0
LOTTO MAX,152,2,8/17/2012,7,10,15,16,21,23,36,0
LOTTO MAX,153,0,8/24/2012,2,3,5,22,23,32,33,8
LOTTO MAX,153,1,8/24/2012,15,17,28,30,35,37,47,0
LOTTO MAX,153,2,8/24/2012,2,8,10,26,35,37,44,0
LOTTO MAX,153,3,8/24/2012,7,16,17,29,32,33,46,0
LOTTO MAX,153,4,8/24/2012,1,9,24,29,34,46,47,0
LOTTO MAX,153,5,8/24/2012,3,4,14,28,29,40,41,0
LOTTO MAX,153,6,8/24/2012,1,14,21,30,41,42,46,0
LOTTO MAX,153,7,8/24/2012,2,9,14,21,29,31,44,0
LOTTO MAX,153,8,8/24/2012,24,30,31,33,40,41,48,0
LOTTO MAX,153,9,8/24/2012,1,11,14,16,25,32,34,0
LOTTO MAX,153,10,8/24/2012,5,16,18,29,45,48,49,0
LOTTO MAX,153,11,8/24/2012,5,23,28,29,39,40,47,0
LOTTO MAX,153,12,8/24/2012,7,10,12,23,40,48,49,0
LOTTO MAX,153,13,8/24/2012,8,9,38,42,44,48,49,0
LOTTO MAX,154,0,8/31/2012,5,12,13,28,33,37,43,44
LOTTO MAX,155,0,9/7/2012,11,14,18,20,37,41,46,8
LOTTO MAX,156,0,9/14/2012,2,27,30,31,37,46,47,21
LOTTO MAX,157,0,9/21/2012,7,8,10,11,19,34,45,44
LOTTO MAX,158,0,9/28/2012,5,6,32,33,39,42,47,9
LOTTO MAX,159,0,10/5/2012,1,12,23,27,30,31,37,33
LOTTO MAX,159,1,10/5/2012,18,19,23,30,36,42,43,0
LOTTO MAX,159,2,10/5/2012,11,22,29,38,39,40,46,0
LOTTO MAX,160,0,10/12/2012,5,7,12,15,35,45,47,40
LOTTO MAX,160,1,10/12/2012,5,9,20,31,32,39,43,0
LOTTO MAX,160,2,10/12/2012,8,16,28,31,40,43,44,0
LOTTO MAX,160,3,10/12/2012,4,7,10,16,31,36,40,0
LOTTO MAX,160,4,10/12/2012,7,8,21,25,32,40,49,0
LOTTO MAX,160,5,10/12/2012,12,15,28,33,37,44,48,0
LOTTO MAX,160,6,10/12/2012,18,23,30,40,41,44,45,0
LOTTO MAX,160,7,10/12/2012,9,13,15,16,17,44,46,0
LOTTO MAX,160,8,10/12/2012,12,16,32,34,38,39,46,0
LOTTO MAX,160,9,10/12/2012,17,31,34,37,39,43,44,0
LOTTO MAX,160,10,10/12/2012,22,23,25,27,44,45,47,0
LOTTO MAX,160,11,10/12/2012,2,5,6,11,27,35,38,0
LOTTO MAX,160,12,10/12/2012,6,9,24,28,39,42,48,0
LOTTO MAX,160,13,10/12/2012,9,14,16,21,32,39,44,0
LOTTO MAX,160,14,10/12/2012,3,16,17,21,25,33,41,0
LOTTO MAX,161,0,10/19/2012,1,2,3,15,22,37,41,6
LOTTO MAX,161,1,10/19/2012,7,16,17,26,30,31,49,0
LOTTO MAX,161,2,10/19/2012,3,13,16,33,35,37,40,0
LOTTO MAX,161,3,10/19/2012,3,13,24,26,31,32,48,0
LOTTO MAX,161,4,10/19/2012,11,12,15,17,21,24,25,0
LOTTO MAX,161,5,10/19/2012,3,17,22,27,30,37,48,0
LOTTO MAX,161,6,10/19/2012,17,20,35,36,39,40,44,0
LOTTO MAX,161,7,10/19/2012,3,4,6,19,32,45,47,0
LOTTO MAX,161,8,10/19/2012,16,20,24,30,33,37,48,0
LOTTO MAX,161,9,10/19/2012,7,9,13,20,26,34,41,0
LOTTO MAX,161,10,10/19/2012,18,23,38,39,43,44,46,0
LOTTO MAX,161,11,10/19/2012,2,18,19,24,37,43,46,0
LOTTO MAX,161,12,10/19/2012,17,20,22,28,34,40,47,0
LOTTO MAX,161,13,10/19/2012,10,17,19,26,28,29,30,0
LOTTO MAX,161,14,10/19/2012,8,10,15,18,29,40,42,0
LOTTO MAX,161,15,10/19/2012,12,14,15,16,28,29,35,0
LOTTO MAX,161,16,10/19/2012,15,22,24,26,37,42,49,0
LOTTO MAX,161,17,10/19/2012,7,21,22,33,34,37,47,0
LOTTO MAX,161,18,10/19/2012,5,10,15,19,22,32,33,0
LOTTO MAX,161,19,10/19/2012,2,14,18,21,35,36,47,0
LOTTO MAX,161,20,10/19/2012,2,14,15,17,24,31,44,0
LOTTO MAX,161,21,10/19/2012,6,8,17,20,25,40,49,0
LOTTO MAX,161,22,10/19/2012,1,2,4,6,8,17,37,0
LOTTO MAX,161,23,10/19/2012,3,6,9,17,30,37,48,0
LOTTO MAX,161,24,10/19/2012,10,14,26,36,38,46,49,0
LOTTO MAX,161,25,10/19/2012,1,10,15,16,17,44,46,0
LOTTO MAX,161,26,10/19/2012,23,24,36,38,42,45,46,0
LOTTO MAX,162,0,10/26/2012,3,4,20,25,30,35,48,23
LOTTO MAX,162,1,10/26/2012,2,8,22,35,41,47,48,0
LOTTO MAX,162,2,10/26/2012,7,22,24,25,32,42,44,0
LOTTO MAX,162,3,10/26/2012,2,11,12,20,31,36,47,0
LOTTO MAX,162,4,10/26/2012,12,13,17,18,24,35,43,0
LOTTO MAX,162,5,10/26/2012,6,9,10,13,14,24,48,0
LOTTO MAX,162,6,10/26/2012,3,11,13,14,30,39,48,0
LOTTO MAX,162,7,10/26/2012,15,18,22,24,32,38,49,0
LOTTO MAX,162,8,10/26/2012,1,4,14,21,32,48,49,0
LOTTO MAX,162,9,10/26/2012,6,21,22,26,42,43,46,0
LOTTO MAX,162,10,10/26/2012,9,17,23,39,40,41,46,0
LOTTO MAX,162,11,10/26/2012,12,16,17,20,23,36,43,0
LOTTO MAX,162,12,10/26/2012,10,21,36,37,44,46,47,0
LOTTO MAX,162,13,10/26/2012,1,19,20,32,33,45,46,0
LOTTO MAX,162,14,10/26/2012,3,12,23,24,37,42,44,0
LOTTO MAX,162,15,10/26/2012,7,8,27,33,38,39,49,0
LOTTO MAX,162,16,10/26/2012,16,17,19,23,24,39,43,0
LOTTO MAX,162,17,10/26/2012,15,24,25,30,37,44,49,0
LOTTO MAX,162,18,10/26/2012,11,13,16,17,18,23,45,0
LOTTO MAX,162,19,10/26/2012,6,9,17,19,38,44,45,0
LOTTO MAX,162,20,10/26/2012,3,7,8,14,17,28,37,0
LOTTO MAX,162,21,10/26/2012,4,19,26,33,34,45,47,0
LOTTO MAX,162,22,10/26/2012,7,8,12,16,39,44,47,0
LOTTO MAX,162,23,10/26/2012,1,15,31,37,41,42,46,0
LOTTO MAX,162,24,10/26/2012,4,18,21,22,35,43,45,0
LOTTO MAX,162,25,10/26/2012,4,10,13,20,39,41,45,0
LOTTO MAX,162,26,10/26/2012,21,29,32,35,36,44,49,0
LOTTO MAX,162,27,10/26/2012,8,12,17,21,27,36,41,0
LOTTO MAX,162,28,10/26/2012,11,26,32,38,39,42,49,0
LOTTO MAX,162,29,10/26/2012,3,12,35,38,39,41,47,0
LOTTO MAX,162,30,10/26/2012,1,22,23,28,34,41,46,0
LOTTO MAX,162,31,10/26/2012,7,8,10,24,26,38,49,0
LOTTO MAX,162,32,10/26/2012,6,10,28,31,37,38,39,0
LOTTO MAX,162,33,10/26/2012,4,10,12,28,32,34,41,0
LOTTO MAX,162,34,10/26/2012,5,6,8,23,37,47,48,0
LOTTO MAX,162,35,10/26/2012,11,14,18,27,36,45,47,0
LOTTO MAX,162,36,10/26/2012,3,4,23,28,30,33,34,0
LOTTO MAX,162,37,10/26/2012,7,8,11,16,30,32,47,0
LOTTO MAX,162,38,10/26/2012,11,23,27,28,29,34,49,0
LOTTO MAX,162,39,10/26/2012,4,5,11,25,32,46,47,0
LOTTO MAX,162,40,10/26/2012,10,12,15,17,21,24,29,0
LOTTO MAX,162,41,10/26/2012,1,5,7,21,24,29,49,0
LOTTO MAX,162,42,10/26/2012,12,15,17,39,42,44,48,0
LOTTO MAX,162,43,10/26/2012,5,20,29,31,37,42,47,0
LOTTO MAX,162,44,10/26/2012,5,6,7,23,28,38,41,0
LOTTO MAX,162,45,10/26/2012,4,9,13,19,26,35,47,0
LOTTO MAX,162,46,10/26/2012,3,14,22,35,36,38,48,0
LOTTO MAX,162,47,10/26/2012,3,18,23,33,40,46,49,0
LOTTO MAX,162,48,10/26/2012,9,11,25,29,42,45,49,0
LOTTO MAX,162,49,10/26/2012,1,9,13,23,35,37,49,0
LOTTO MAX,162,50,10/26/2012,1,9,17,19,21,28,37,0
LOTTO MAX,163,0,11/2/2012,1,2,5,26,29,36,47,13
LOTTO MAX,163,1,11/2/2012,5,7,8,9,17,40,42,0
LOTTO MAX,163,2,11/2/2012,4,11,21,22,35,36,45,0
LOTTO MAX,163,3,11/2/2012,23,27,32,34,35,41,42,0
LOTTO MAX,163,4,11/2/2012,5,7,8,10,20,46,49,0
LOTTO MAX,163,5,11/2/2012,1,8,15,17,22,25,38,0
LOTTO MAX,163,6,11/2/2012,8,11,14,26,33,34,36,0
LOTTO MAX,163,7,11/2/2012,1,11,16,22,23,30,40,0
LOTTO MAX,163,8,11/2/2012,5,16,29,34,37,38,47,0
LOTTO MAX,163,9,11/2/2012,1,20,22,32,35,42,44,0
LOTTO MAX,163,10,11/2/2012,3,11,21,23,26,36,38,0
LOTTO MAX,163,11,11/2/2012,1,3,14,31,39,43,47,0
LOTTO MAX,163,12,11/2/2012,4,25,27,29,38,40,49,0
LOTTO MAX,163,13,11/2/2012,6,7,11,12,17,29,45,0
LOTTO MAX,163,14,11/2/2012,5,11,17,23,24,35,39,0
LOTTO MAX,163,15,11/2/2012,4,6,37,42,44,45,48,0
LOTTO MAX,163,16,11/2/2012,8,13,20,23,37,38,45,0
LOTTO MAX,163,17,11/2/2012,6,14,24,26,28,36,47,0
LOTTO MAX,163,18,11/2/2012,5,13,16,18,21,43,44,0
LOTTO MAX,163,19,11/2/2012,3,18,21,24,29,37,47,0
LOTTO MAX,163,20,11/2/2012,6,14,15,21,27,30,46,0
LOTTO MAX,163,21,11/2/2012,4,7,12,13,19,24,39,0
LOTTO MAX,163,22,11/2/2012,2,14,15,31,33,45,48,0
LOTTO MAX,163,23,11/2/2012,13,18,21,23,27,44,46,0
LOTTO MAX,163,24,11/2/2012,6,13,15,36,39,41,49,0
LOTTO MAX,163,25,11/2/2012,15,27,37,40,41,42,44,0
LOTTO MAX,163,26,11/2/2012,1,8,10,17,19,25,48,0
LOTTO MAX,163,27,11/2/2012,1,8,18,29,30,31,47,0
LOTTO MAX,163,28,11/2/2012,9,24,34,39,43,44,45,0
LOTTO MAX,163,29,11/2/2012,14,20,24,25,35,44,49,0
LOTTO MAX,163,30,11/2/2012,9,12,21,26,31,38,47,0
LOTTO MAX,163,31,11/2/2012,3,12,15,17,33,42,49,0
LOTTO MAX,163,32,11/2/2012,4,6,24,31,40,41,49,0
LOTTO MAX,163,33,11/2/2012,8,10,31,35,40,46,48,0
LOTTO MAX,163,34,11/2/2012,14,15,28,33,39,47,49,0
LOTTO MAX,163,35,11/2/2012,4,6,9,10,32,42,45,0
LOTTO MAX,163,36,11/2/2012,10,11,12,14,19,23,41,0
LOTTO MAX,163,37,11/2/2012,4,12,13,25,35,40,45,0
LOTTO MAX,163,38,11/2/2012,9,11,14,15,28,35,47,0
LOTTO MAX,163,39,11/2/2012,1,4,8,13,30,34,46,0
LOTTO MAX,163,40,11/2/2012,2,10,11,15,20,21,22,0
LOTTO MAX,163,41,11/2/2012,4,6,25,35,39,44,46,0
LOTTO MAX,163,42,11/2/2012,5,17,27,30,33,38,42,0
LOTTO MAX,163,43,11/2/2012,1,3,18,21,30,41,47,0
LOTTO MAX,163,44,11/2/2012,4,7,15,18,27,30,34,0
LOTTO MAX,163,45,11/2/2012,8,12,24,33,38,44,45,0
LOTTO MAX,163,46,11/2/2012,3,29,30,32,41,43,45,0
LOTTO MAX,163,47,11/2/2012,1,14,17,21,27,43,45,0
LOTTO MAX,163,48,11/2/2012,6,17,22,30,33,40,46,0
LOTTO MAX,163,49,11/2/2012,2,10,17,33,34,39,49,0
LOTTO MAX,163,50,11/2/2012,1,4,6,7,8,16,35,0
LOTTO MAX,164,0,11/9/2012,8,9,11,22,24,42,46,13
LOTTO MAX,165,0,11/16/2012,1,5,9,19,27,35,48,30
LOTTO MAX,166,0,11/23/2012,6,8,10,17,28,29,38,34
LOTTO MAX,166,1,11/23/2012,3,5,7,13,39,47,48,0
LOTTO MAX,166,2,11/23/2012,6,13,20,35,42,43,49,0
LOTTO MAX,167,0,11/30/2012,3,10,13,23,31,41,45,33
LOTTO MAX,167,1,11/30/2012,3,12,17,22,36,44,45,0
LOTTO MAX,167,2,11/30/2012,12,17,18,32,42,46,47,0
LOTTO MAX,167,3,11/30/2012,4,10,15,16,30,39,42,0
LOTTO MAX,167,4,11/30/2012,4,6,11,14,27,37,39,0
LOTTO MAX,167,5,11/30/2012,3,14,16,25,29,30,37,0
LOTTO MAX,167,6,11/30/2012,11,19,30,35,40,41,48,0
LOTTO MAX,167,7,11/30/2012,2,4,9,16,29,31,39,0
LOTTO MAX,167,8,11/30/2012,10,27,28,29,30,42,44,0
LOTTO MAX,167,9,11/30/2012,9,14,15,32,34,35,44,0
LOTTO MAX,167,10,11/30/2012,7,19,32,37,38,47,49,0
LOTTO MAX,167,11,11/30/2012,2,6,18,20,22,35,41,0
LOTTO MAX,167,12,11/30/2012,15,20,22,25,37,45,46,0
LOTTO MAX,167,13,11/30/2012,1,9,15,22,37,39,49,0
LOTTO MAX,167,14,11/30/2012,1,3,26,28,36,44,49,0
LOTTO MAX,167,15,11/30/2012,1,3,11,14,16,31,45,0
LOTTO MAX,168,0,12/7/2012,5,11,22,29,38,42,49,33
LOTTO MAX,169,0,12/14/2012,3,6,10,33,39,48,49,18
LOTTO MAX,170,0,12/21/2012,7,8,17,18,20,40,41,33
LOTTO MAX,170,1,12/21/2012,2,10,15,17,34,40,47,0
LOTTO MAX,170,2,12/21/2012,3,10,21,27,30,33,44,0
LOTTO MAX,171,0,12/28/2012,1,9,25,28,32,41,48,12
LOTTO MAX,172,0,1/4/2013,3,6,16,23,27,28,34,22
LOTTO MAX,173,0,1/11/2013,2,25,26,37,39,48,49,40
LOTTO MAX,174,0,1/18/2013,8,16,17,28,32,34,47,19
LOTTO MAX,175,0,1/25/2013,1,18,19,29,31,32,46,36
LOTTO MAX,176,0,2/1/2013,5,9,10,32,37,44,46,38
LOTTO MAX,177,0,2/8/2013,3,8,13,30,38,45,47,10
LOTTO MAX,178,0,2/15/2013,14,23,24,25,28,41,45,37
LOTTO MAX,179,0,2/22/2013,5,12,24,31,39,45,49,35
LOTTO MAX,180,0,3/1/2013,1,2,5,6,38,39,46,33
LOTTO MAX,181,0,3/8/2013,9,15,17,28,35,39,41,36
LOTTO MAX,182,0,3/15/2013,9,16,17,19,22,41,43,12
LOTTO MAX,183,0,3/22/2013,7,12,16,19,21,24,47,34
LOTTO MAX,184,0,3/29/2013,8,11,12,13,22,33,47,7
LOTTO MAX,185,0,4/5/2013,2,14,15,17,24,38,40,31
LOTTO MAX,186,0,4/12/2013,3,6,37,40,42,44,48,18
LOTTO MAX,187,0,4/19/2013,2,3,8,20,28,31,34,42
LOTTO MAX,188,0,4/26/2013,10,13,15,18,25,36,47,40
LOTTO MAX,189,0,5/3/2013,4,6,21,26,30,34,35,39
LOTTO MAX,190,0,5/10/2013,3,10,19,21,27,35,36,49
LOTTO MAX,191,0,5/17/2013,8,18,21,27,33,46,49,26
LOTTO MAX,192,0,5/24/2013,9,19,21,24,39,43,48,6
LOTTO MAX,193,0,5/31/2013,5,7,10,15,22,45,47,23
LOTTO MAX,193,1,5/31/2013,2,6,10,16,36,39,43,0
LOTTO MAX,193,2,5/31/2013,2,3,8,11,15,39,42,0
LOTTO MAX,194,0,6/7/2013,5,19,24,34,35,38,43,8
LOTTO MAX,195,0,6/14/2013,2,12,15,18,21,22,25,5
LOTTO MAX,196,0,6/21/2013,2,9,12,13,27,28,36,20
LOTTO MAX,197,0,6/28/2013,2,7,15,38,43,44,47,1
LOTTO MAX,198,0,7/5/2013,5,12,15,39,44,46,49,18
LOTTO MAX,198,1,7/5/2013,11,18,26,31,35,43,46,0
LOTTO MAX,198,2,7/5/2013,1,8,17,18,21,32,49,0
LOTTO MAX,199,0,7/12/2013,14,16,17,36,45,46,48,7
LOTTO MAX,200,0,7/19/2013,3,17,19,20,34,35,43,4
LOTTO MAX,201,0,7/26/2013,5,9,12,18,24,35,42,17
LOTTO MAX,202,0,8/2/2013,2,9,23,29,30,34,43,40
LOTTO MAX,203,0,8/9/2013,6,15,19,26,43,44,49,30
LOTTO MAX,204,0,8/16/2013,2,6,20,22,30,34,49,45
LOTTO MAX,205,0,8/23/2013,5,6,10,17,22,36,48,3
LOTTO MAX,206,0,8/30/2013,6,19,20,25,31,35,36,45
LOTTO MAX,207,0,9/6/2013,1,7,23,36,37,39,41,33
LOTTO MAX,208,0,9/13/2013,2,6,12,15,16,22,49,46
LOTTO MAX,209,0,9/20/2013,2,14,15,24,40,43,44,45
LOTTO MAX,210,0,9/27/2013,10,11,18,24,26,42,47,45
LOTTO MAX,211,0,10/4/2013,12,16,19,20,28,34,42,9
LOTTO MAX,212,0,10/11/2013,7,8,9,16,21,28,48,29
LOTTO MAX,213,0,10/18/2013,10,26,28,33,34,35,40,12
LOTTO MAX,213,1,10/18/2013,4,19,23,24,32,47,49,0
LOTTO MAX,213,2,10/18/2013,13,17,23,28,32,35,37,0
LOTTO MAX,214,0,10/25/2013,13,16,24,29,33,40,49,28
LOTTO MAX,214,1,10/25/2013,4,9,15,20,21,45,46,0
LOTTO MAX,214,2,10/25/2013,3,14,16,25,31,33,41,0
LOTTO MAX,214,3,10/25/2013,1,3,10,17,18,44,46,0
LOTTO MAX,214,4,10/25/2013,9,18,19,24,36,45,46,0
LOTTO MAX,214,5,10/25/2013,3,13,16,24,38,39,43,0
LOTTO MAX,214,6,10/25/2013,3,4,7,8,39,43,45,0
LOTTO MAX,214,7,10/25/2013,6,9,11,39,40,44,45,0
LOTTO MAX,214,8,10/25/2013,2,12,17,20,23,36,48,0
LOTTO MAX,214,9,10/25/2013,5,6,13,15,16,34,46,0
LOTTO MAX,214,10,10/25/2013,21,26,31,33,40,42,44,0
LOTTO MAX,215,0,11/1/2013,11,12,16,22,30,32,49,35
LOTTO MAX,215,1,11/1/2013,3,7,13,16,34,37,43,0
LOTTO MAX,215,2,11/1/2013,20,25,30,33,34,39,42,0
LOTTO MAX,215,3,11/1/2013,15,19,22,27,33,36,45,0
LOTTO MAX,215,4,11/1/2013,6,19,22,27,30,34,44,0
LOTTO MAX,215,5,11/1/2013,2,8,13,15,27,33,42,0
LOTTO MAX,215,6,11/1/2013,8,12,16,23,24,25,48,0
LOTTO MAX,215,7,11/1/2013,6,10,12,16,17,43,46,0
LOTTO MAX,215,8,11/1/2013,4,13,15,26,35,45,49,0
LOTTO MAX,215,9,11/1/2013,7,9,10,13,26,39,42,0
LOTTO MAX,215,10,11/1/2013,3,8,24,25,31,34,43,0
LOTTO MAX,215,11,11/1/2013,14,20,22,28,37,44,48,0
LOTTO MAX,215,12,11/1/2013,9,12,17,20,29,40,49,0
LOTTO MAX,215,13,11/1/2013,2,13,16,18,19,42,43,0
LOTTO MAX,215,14,11/1/2013,17,25,30,32,38,39,48,0
LOTTO MAX,215,15,11/1/2013,8,9,13,14,18,38,41,0
LOTTO MAX,215,16,11/1/2013,1,14,17,34,35,42,48,0
LOTTO MAX,215,17,11/1/2013,14,20,24,30,32,42,47,0
LOTTO MAX,215,18,11/1/2013,3,16,22,24,27,30,31,0
LOTTO MAX,215,19,11/1/2013,15,20,26,30,35,36,46,0
LOTTO MAX,215,20,11/1/2013,3,21,26,31,35,42,46,0
LOTTO MAX,216,0,11/8/2013,7,8,10,15,24,26,41,12
LOTTO MAX,217,0,11/15/2013,1,3,10,15,25,28,31,7
LOTTO MAX,218,0,11/22/2013,2,24,35,38,39,41,48,20
LOTTO MAX,218,1,11/22/2013,2,7,9,12,18,24,31,0
LOTTO MAX,218,2,11/22/2013,1,2,8,25,30,36,37,0
LOTTO MAX,219,0,11/29/2013,3,6,19,31,34,42,45,30
LOTTO MAX,219,1,11/29/2013,15,17,22,29,31,33,34,0
LOTTO MAX,219,2,11/29/2013,12,20,24,27,33,35,40,0
LOTTO MAX,219,3,11/29/2013,4,5,12,18,32,36,38,0
LOTTO MAX,219,4,11/29/2013,16,18,20,21,30,46,47,0
LOTTO MAX,219,5,11/29/2013,4,12,19,25,28,36,38,0
LOTTO MAX,219,6,11/29/2013,2,3,8,16,20,22,43,0
LOTTO MAX,219,7,11/29/2013,7,8,21,26,30,33,42,0
LOTTO MAX,219,8,11/29/2013,16,17,30,38,45,47,48,0
LOTTO MAX,219,9,11/29/2013,4,5,21,22,23,28,34,0
LOTTO MAX,219,10,11/29/2013,1,6,13,20,31,34,35,0
LOTTO MAX,220,0,12/6/2013,3,4,11,18,37,42,44,47
LOTTO MAX,220,1,12/6/2013,3,7,11,21,32,39,49,0
LOTTO MAX,220,2,12/6/2013,2,26,31,36,39,40,47,0
LOTTO MAX,220,3,12/6/2013,5,6,22,31,40,42,49,0
LOTTO MAX,220,4,12/6/2013,3,5,9,18,25,29,40,0
LOTTO MAX,220,5,12/6/2013,5,9,12,14,22,27,41,0
LOTTO MAX,220,6,12/6/2013,1,13,16,18,20,23,41,0
LOTTO MAX,220,7,12/6/2013,3,18,21,24,35,36,41,0
LOTTO MAX,220,8,12/6/2013,4,5,7,8,10,12,15,0
LOTTO MAX,220,9,12/6/2013,9,11,17,21,23,38,48,0
LOTTO MAX,220,10,12/6/2013,4,10,11,16,18,21,47,0
LOTTO MAX,220,11,12/6/2013,5,8,18,20,23,40,43,0
LOTTO MAX,220,12,12/6/2013,8,14,16,28,30,40,44,0
LOTTO MAX,220,13,12/6/2013,8,14,16,21,40,47,48,0
LOTTO MAX,220,14,12/6/2013,5,25,26,34,38,42,43,0
LOTTO MAX,220,15,12/6/2013,7,10,20,33,35,42,44,0
LOTTO MAX,220,16,12/6/2013,15,22,23,27,31,40,43,0
LOTTO MAX,220,17,12/6/2013,10,16,20,34,35,41,48,0
LOTTO MAX,220,18,12/6/2013,4,8,10,16,36,39,41,0
LOTTO MAX,220,19,12/6/2013,1,15,27,30,32,38,41,0
LOTTO MAX,220,20,12/6/2013,2,7,13,31,37,42,46,0
LOTTO MAX,221,0,12/13/2013,6,16,24,32,36,45,47,25
LOTTO MAX,221,1,12/13/2013,7,28,33,34,38,43,45,0
LOTTO MAX,221,2,12/13/2013,6,8,13,30,32,35,36,0
LOTTO MAX,221,3,12/13/2013,4,6,9,19,32,34,35,0
LOTTO MAX,221,4,12/13/2013,15,22,27,38,42,46,48,0
LOTTO MAX,221,5,12/13/2013,9,10,24,30,43,44,48,0
LOTTO MAX,221,6,12/13/2013,10,14,20,28,37,47,48,0
LOTTO MAX,221,7,12/13/2013,10,17,18,29,30,35,46,0
LOTTO MAX,221,8,12/13/2013,8,9,15,22,35,38,43,0
LOTTO MAX,221,9,12/13/2013,3,7,8,35,37,46,49,0
LOTTO MAX,221,10,12/13/2013,4,8,20,26,41,42,45,0
LOTTO MAX,221,11,12/13/2013,7,11,17,20,29,34,36,0
LOTTO MAX,221,12,12/13/2013,11,28,30,31,33,34,49,0
LOTTO MAX,221,13,12/13/2013,12,16,21,22,30,35,48,0
LOTTO MAX,221,14,12/13/2013,2,8,14,20,28,38,49,0
LOTTO MAX,221,15,12/13/2013,4,7,20,31,34,39,48,0
LOTTO MAX,221,16,12/13/2013,5,7,9,22,34,36,40,0
LOTTO MAX,221,17,12/13/2013,1,7,17,19,24,26,40,0
LOTTO MAX,221,18,12/13/2013,6,9,11,16,23,34,42,0
LOTTO MAX,221,19,12/13/2013,8,11,13,27,28,38,40,0
LOTTO MAX,221,20,12/13/2013,2,3,14,20,37,41,43,0
LOTTO MAX,221,21,12/13/2013,4,14,20,32,39,43,47,0
LOTTO MAX,221,22,12/13/2013,2,6,23,24,37,44,49,0
LOTTO MAX,221,23,12/13/2013,1,13,17,23,24,35,47,0
LOTTO MAX,221,24,12/13/2013,6,10,11,16,28,29,39,0
LOTTO MAX,221,25,12/13/2013,7,8,13,14,27,33,48,0
LOTTO MAX,221,26,12/13/2013,2,3,10,20,21,26,36,0
LOTTO MAX,221,27,12/13/2013,16,19,23,27,29,43,44,0
LOTTO MAX,221,28,12/13/2013,3,5,19,25,37,38,42,0
LOTTO MAX,221,29,12/13/2013,1,21,24,26,32,34,40,0
LOTTO MAX,221,30,12/13/2013,3,18,20,23,25,27,34,0
LOTTO MAX,222,0,12/20/2013,2,13,18,24,27,37,43,14
LOTTO MAX,222,1,12/20/2013,2,4,12,17,18,41,43,0
LOTTO MAX,222,2,12/20/2013,12,14,25,37,40,41,45,0
LOTTO MAX,222,3,12/20/2013,3,18,27,35,42,43,45,0
LOTTO MAX,222,4,12/20/2013,1,3,7,12,18,46,48,0
LOTTO MAX,222,5,12/20/2013,1,2,18,23,35,43,47,0
LOTTO MAX,222,6,12/20/2013,3,9,21,28,40,47,48,0
LOTTO MAX,222,7,12/20/2013,2,4,6,9,17,30,44,0
LOTTO MAX,222,8,12/20/2013,2,9,10,19,32,34,48,0
LOTTO MAX,222,9,12/20/2013,11,13,16,26,30,48,49,0
LOTTO MAX,222,10,12/20/2013,8,12,16,17,35,39,44,0
LOTTO MAX,222,11,12/20/2013,3,9,10,20,24,40,42,0
LOTTO MAX,222,12,12/20/2013,1,8,18,20,23,33,47,0
LOTTO MAX,222,13,12/20/2013,6,18,29,34,35,39,46,0
LOTTO MAX,222,14,12/20/2013,1,4,9,10,15,17,27,0
LOTTO MAX,222,15,12/20/2013,2,15,21,23,24,30,32,0
LOTTO MAX,222,16,12/20/2013,4,7,10,18,38,42,45,0
LOTTO MAX,222,17,12/20/2013,9,17,20,27,36,38,42,0
LOTTO MAX,222,18,12/20/2013,4,8,14,20,32,33,41,0
LOTTO MAX,222,19,12/20/2013,7,10,11,27,36,44,47,0
LOTTO MAX,222,20,12/20/2013,2,6,22,28,38,42,47,0
LOTTO MAX,222,21,12/20/2013,1,6,7,11,25,27,35,0
LOTTO MAX,222,22,12/20/2013,18,20,21,31,35,37,40,0
LOTTO MAX,222,23,12/20/2013,2,3,8,16,24,41,47,0
LOTTO MAX,222,24,12/20/2013,1,8,17,21,25,32,43,0
LOTTO MAX,222,25,12/20/2013,3,8,34,36,40,44,47,0
LOTTO MAX,222,26,12/20/2013,4,5,8,16,21,29,37,0
LOTTO MAX,222,27,12/20/2013,1,18,25,28,35,44,48,0
LOTTO MAX,222,28,12/20/2013,4,6,12,13,23,33,46,0
LOTTO MAX,222,29,12/20/2013,2,19,23,34,43,46,49,0
LOTTO MAX,222,30,12/20/2013,7,19,22,25,41,45,47,0
LOTTO MAX,222,31,12/20/2013,3,5,20,26,29,36,43,0
LOTTO MAX,222,32,12/20/2013,3,9,12,15,20,33,40,0
LOTTO MAX,222,33,12/20/2013,1,4,8,10,20,23,41,0
LOTTO MAX,222,34,12/20/2013,10,20,24,25,27,33,41,0
LOTTO MAX,222,35,12/20/2013,2,3,9,10,17,32,34,0
LOTTO MAX,222,36,12/20/2013,4,11,21,22,26,27,32,0
LOTTO MAX,222,37,12/20/2013,3,6,11,20,24,31,43,0
LOTTO MAX,222,38,12/20/2013,4,15,19,22,26,38,41,0
LOTTO MAX,222,39,12/20/2013,10,20,21,26,43,48,49,0
LOTTO MAX,222,40,12/20/2013,11,12,20,23,25,37,49,0
LOTTO MAX,222,41,12/20/2013,11,14,17,20,21,35,49,0
LOTTO MAX,222,42,12/20/2013,14,15,17,28,34,44,49,0
LOTTO MAX,222,43,12/20/2013,4,11,21,24,39,40,41,0
LOTTO MAX,222,44,12/20/2013,4,18,26,27,34,45,49,0
LOTTO MAX,222,45,12/20/2013,6,8,11,13,22,32,36,0
LOTTO MAX,222,46,12/20/2013,3,5,25,27,34,39,44,0
LOTTO MAX,222,47,12/20/2013,1,2,3,10,28,30,44,0
LOTTO MAX,222,48,12/20/2013,5,7,8,16,38,39,46,0
LOTTO MAX,222,49,12/20/2013,7,12,16,27,37,39,47,0
LOTTO MAX,222,50,12/20/2013,1,12,13,21,33,40,44,0
LOTTO MAX,223,0,12/27/2013,1,6,9,11,17,37,39,32
LOTTO MAX,224,0,1/3/2014,7,16,31,35,39,44,48,42
LOTTO MAX,225,0,1/10/2014,12,28,31,38,40,41,45,15
LOTTO MAX,225,1,1/10/2014,2,3,6,15,22,26,35,0
LOTTO MAX,225,2,1/10/2014,9,14,15,17,23,35,48,0
LOTTO MAX,226,0,1/17/2014,4,9,18,32,35,38,40,12
LOTTO MAX,226,1,1/17/2014,3,6,7,20,22,31,34,0
LOTTO MAX,226,2,1/17/2014,1,10,17,18,24,28,32,0
LOTTO MAX,226,3,1/17/2014,4,9,34,35,40,41,43,0
LOTTO MAX,226,4,1/17/2014,7,21,37,38,40,48,49,0
LOTTO MAX,226,5,1/17/2014,5,15,26,29,31,40,46,0
LOTTO MAX,226,6,1/17/2014,2,5,16,24,27,29,45,0
LOTTO MAX,226,7,1/17/2014,7,15,18,28,31,36,47,0
LOTTO MAX,226,8,1/17/2014,6,25,26,37,40,47,48,0
LOTTO MAX,226,9,1/17/2014,4,14,16,23,30,31,40,0
LOTTO MAX,226,10,1/17/2014,6,8,19,23,26,37,44,0
LOTTO MAX,226,11,1/17/2014,14,16,21,22,26,38,47,0
LOTTO MAX,226,12,1/17/2014,9,16,19,29,33,37,40,0
LOTTO MAX,227,0,1/24/2014,7,10,15,23,30,36,44,45
LOTTO MAX,228,0,1/31/2014,6,10,16,27,38,40,45,39
LOTTO MAX,229,0,2/7/2014,13,19,37,38,40,43,48,46
LOTTO MAX,230,0,2/14/2014,6,8,11,16,17,19,24,29
LOTTO MAX,230,1,2/14/2014,1,3,17,28,29,37,49,0
LOTTO MAX,230,2,2/14/2014,10,15,19,21,24,28,30,0
LOTTO MAX,231,0,2/21/2014,1,10,16,23,29,35,39,46
LOTTO MAX,231,1,2/21/2014,3,8,20,29,30,42,49,0
LOTTO MAX,231,2,2/21/2014,2,3,7,26,32,34,49,0
LOTTO MAX,231,3,2/21/2014,14,18,22,27,39,43,46,0
LOTTO MAX,231,4,2/21/2014,5,14,17,21,39,42,47,0
LOTTO MAX,231,5,2/21/2014,2,3,6,28,35,43,47,0
LOTTO MAX,231,6,2/21/2014,3,6,8,11,14,26,31,0
LOTTO MAX,231,7,2/21/2014,6,8,11,13,27,38,49,0
LOTTO MAX,231,8,2/21/2014,12,17,20,22,35,41,43,0
LOTTO MAX,232,0,2/28/2014,4,7,20,22,26,28,29,47
LOTTO MAX,232,1,2/28/2014,13,19,22,25,27,28,32,0
LOTTO MAX,232,2,2/28/2014,6,22,25,31,41,47,48,0
LOTTO MAX,232,3,2/28/2014,8,11,16,17,28,32,42,0
LOTTO MAX,232,4,2/28/2014,6,8,10,21,24,26,38,0
LOTTO MAX,232,5,2/28/2014,2,10,15,20,21,35,48,0
LOTTO MAX,232,6,2/28/2014,1,6,15,22,37,47,49,0
LOTTO MAX,232,7,2/28/2014,12,21,25,27,32,33,40,0
LOTTO MAX,232,8,2/28/2014,10,11,12,18,41,46,47,0
LOTTO MAX,232,9,2/28/2014,1,4,9,30,34,36,41,0
LOTTO MAX,232,10,2/28/2014,1,9,32,34,43,47,49,0
LOTTO MAX,232,11,2/28/2014,5,10,18,20,21,23,38,0
LOTTO MAX,232,12,2/28/2014,6,8,13,33,36,41,43,0
LOTTO MAX,232,13,2/28/2014,19,22,24,25,26,41,43,0
LOTTO MAX,232,14,2/28/2014,6,13,17,20,28,31,42,0
LOTTO MAX,232,15,2/28/2014,5,21,25,35,39,43,45,0
LOTTO MAX,232,16,2/28/2014,9,18,20,28,33,35,44,0
LOTTO MAX,232,17,2/28/2014,14,17,26,33,36,39,48,0
LOTTO MAX,232,18,2/28/2014,3,5,8,20,21,46,49,0
LOTTO MAX,232,19,2/28/2014,9,19,24,33,45,48,49,0
LOTTO MAX,232,20,2/28/2014,5,6,15,17,26,33,49,0
LOTTO MAX,233,0,3/7/2014,1,6,7,16,22,31,33,25
LOTTO MAX,233,1,3/7/2014,5,7,26,28,29,38,46,0
LOTTO MAX,233,2,3/7/2014,10,21,34,36,39,44,48,0
LOTTO MAX,233,3,3/7/2014,7,15,26,28,34,37,42,0
LOTTO MAX,233,4,3/7/2014,3,7,8,32,37,39,48,0
LOTTO MAX,233,5,3/7/2014,2,5,13,23,25,42,47,0
LOTTO MAX,233,6,3/7/2014,2,4,5,11,16,20,46,0
LOTTO MAX,233,7,3/7/2014,1,4,12,24,45,48,49,0
LOTTO MAX,233,8,3/7/2014,4,13,19,34,35,45,47,0
LOTTO MAX,233,9,3/7/2014,2,19,27,29,36,40,43,0
LOTTO MAX,233,10,3/7/2014,2,3,9,11,32,43,49,0
LOTTO MAX,233,11,3/7/2014,10,13,16,17,18,32,45,0
LOTTO MAX,233,12,3/7/2014,3,8,17,29,33,37,49,0
LOTTO MAX,233,13,3/7/2014,1,24,27,29,36,42,48,0
LOTTO MAX,233,14,3/7/2014,2,7,17,25,29,42,46,0
LOTTO MAX,233,15,3/7/2014,14,21,25,27,29,36,46,0
LOTTO MAX,233,16,3/7/2014,2,13,20,29,32,37,46,0
LOTTO MAX,233,17,3/7/2014,3,23,35,38,41,42,49,0
LOTTO MAX,233,18,3/7/2014,2,3,6,14,20,40,41,0
LOTTO MAX,233,19,3/7/2014,4,6,11,12,21,29,37,0
LOTTO MAX,233,20,3/7/2014,8,11,16,28,29,37,46,0
LOTTO MAX,233,21,3/7/2014,12,16,18,24,26,42,43,0
LOTTO MAX,233,22,3/7/2014,4,16,23,26,32,36,43,0
LOTTO MAX,233,23,3/7/2014,4,12,18,20,24,30,46,0
LOTTO MAX,233,24,3/7/2014,10,12,16,22,23,39,42,0
LOTTO MAX,233,25,3/7/2014,10,19,21,26,36,45,47,0
LOTTO MAX,233,26,3/7/2014,9,11,18,24,37,38,45,0
LOTTO MAX,233,27,3/7/2014,1,7,11,27,31,33,35,0
LOTTO MAX,233,28,3/7/2014,1,2,5,7,20,29,31,0
LOTTO MAX,233,29,3/7/2014,1,10,16,26,31,33,36,0
LOTTO MAX,233,30,3/7/2014,1,2,7,15,23,29,40,0
